"Longitude (x)","Latitude (y)","Station Name","Climate ID","Date/Time (LST)","Year","Month","Day","Time (LST)","Temp (°C)","Temp Flag","Dew Point Temp (°C)","Dew Point Temp Flag","Rel Hum (%)","Rel Hum Flag","Precip. Amount (mm)","Precip. Amount Flag","Wind Dir (10s deg)","Wind Dir Flag","Wind Spd (km/h)","Wind Spd Flag","Visibility (km)","Visibility Flag","Stn Press (kPa)","Stn Press Flag","Hmdx","Hmdx Flag","Wind Chill","Wind Chill Flag","Weather"
"-81.82","69.36","IGLOOLIK A","2402541","2019-06-01 00:00","2019","06","01","00:00"
"-81.82","69.36","IGLOOLIK A","2402541","2019-06-01 01:00","2019","06","01","01:00"
"-81.82","69.36","IGLOOLIK A","2402541","2019-06-01 02:00","2019","06","01","02:00"
"-81.82","69.36","IGLOOLIK A","2402541","2019-06-01 03:00","2019","06","01","03:00"
"-81.82","69.36","IGLOOLIK A","2402541","2019-06-01 04:00","2019","06","01","04:00"
"-81.82","69.36","IGLOOLIK A","2402541","2019-06-01 05:00","2019","06","01","05:00"
"-81.82","69.36","IGLOOLIK A","2402541","2019-06-01 06:00","2019","06","01","06:00"
"-81.82","69.36","IGLOOLIK A","2402541","2019-06-01 07:00","2019","06","01","07:00"
"-81.82","69.36","IGLOOLIK A","2402541","2019-06-01 08:00","2019","06","01","08:00"
"-81.82","69.36","IGLOOLIK A","2402541","2019-06-01 09:00","2019","06","01","09:00"
"-81.82","69.36","IGLOOLIK A","2402541","2019-06-01 10:00","2019","06","01","10:00"
"-81.82","69.36","IGLOOLIK A","2402541","2019-06-01 11:00","2019","06","01","11:00"
"-81.82","69.36","IGLOOLIK A","2402541","2019-06-01 12:00","2019","06","01","12:00"
"-81.82","69.36","IGLOOLIK A","2402541","2019-06-01 13:00","2019","06","01","13:00"
"-81.82","69.36","IGLOOLIK A","2402541","2019-06-01 14:00","2019","06","01","14:00"
"-81.82","69.36","IGLOOLIK A","2402541","2019-06-01 15:00","2019","06","01","15:00"
"-81.82","69.36","IGLOOLIK A","2402541","2019-06-01 16:00","2019","06","01","16:00"
"-81.82","69.36","IGLOOLIK A","2402541","2019-06-01 17:00","2019","06","01","17:00"
"-81.82","69.36","IGLOOLIK A","2402541","2019-06-01 18:00","2019","06","01","18:00"
"-81.82","69.36","IGLOOLIK A","2402541","2019-06-01 19:00","2019","06","01","19:00"
"-81.82","69.36","IGLOOLIK A","2402541","2019-06-01 20:00","2019","06","01","20:00"
"-81.82","69.36","IGLOOLIK A","2402541","2019-06-01 21:00","2019","06","01","21:00"
"-81.82","69.36","IGLOOLIK A","2402541","2019-06-01 22:00","2019","06","01","22:00"
"-81.82","69.36","IGLOOLIK A","2402541","2019-06-01 23:00","2019","06","01","23:00"
"-81.82","69.36","IGLOOLIK A","2402541","2019-06-02 00:00","2019","06","02","00:00"
"-81.82","69.36","IGLOOLIK A","2402541","2019-06-02 01:00","2019","06","02","01:00"
"-81.82","69.36","IGLOOLIK A","2402541","2019-06-02 02:00","2019","06","02","02:00"
"-81.82","69.36","IGLOOLIK A","2402541","2019-06-02 03:00","2019","06","02","03:00"
"-81.82","69.36","IGLOOLIK A","2402541","2019-06-02 04:00","2019","06","02","04:00"
"-81.82","69.36","IGLOOLIK A","2402541","2019-06-02 05:00","2019","06","02","05:00"
"-81.82","69.36","IGLOOLIK A","2402541","2019-06-02 06:00","2019","06","02","06:00"
"-81.82","69.36","IGLOOLIK A","2402541","2019-06-02 07:00","2019","06","02","07:00"
"-81.82","69.36","IGLOOLIK A","2402541","2019-06-02 08:00","2019","06","02","08:00"
"-81.82","69.36","IGLOOLIK A","2402541","2019-06-02 09:00","2019","06","02","09:00"
"-81.82","69.36","IGLOOLIK A","2402541","2019-06-02 10:00","2019","06","02","10:00"
"-81.82","69.36","IGLOOLIK A","2402541","2019-06-02 11:00","2019","06","02","11:00"
"-81.82","69.36","IGLOOLIK A","2402541","2019-06-02 12:00","2019","06","02","12:00"
"-81.82","69.36","IGLOOLIK A","2402541","2019-06-02 13:00","2019","06","02","13:00"
"-81.82","69.36","IGLOOLIK A","2402541","2019-06-02 14:00","2019","06","02","14:00"
"-81.82","69.36","IGLOOLIK A","2402541","2019-06-02 15:00","2019","06","02","15:00"
"-81.82","69.36","IGLOOLIK A","2402541","2019-06-02 16:00","2019","06","02","16:00"
"-81.82","69.36","IGLOOLIK A","2402541","2019-06-02 17:00","2019","06","02","17:00"
"-81.82","69.36","IGLOOLIK A","2402541","2019-06-02 18:00","2019","06","02","18:00"
"-81.82","69.36","IGLOOLIK A","2402541","2019-06-02 19:00","2019","06","02","19:00"
"-81.82","69.36","IGLOOLIK A","2402541","2019-06-02 20:00","2019","06","02","20:00"
"-81.82","69.36","IGLOOLIK A","2402541","2019-06-02 21:00","2019","06","02","21:00"
"-81.82","69.36","IGLOOLIK A","2402541","2019-06-02 22:00","2019","06","02","22:00"
"-81.82","69.36","IGLOOLIK A","2402541","2019-06-02 23:00","2019","06","02","23:00"
"-81.82","69.36","IGLOOLIK A","2402541","2019-06-03 00:00","2019","06","03","00:00"
"-81.82","69.36","IGLOOLIK A","2402541","2019-06-03 01:00","2019","06","03","01:00"
"-81.82","69.36","IGLOOLIK A","2402541","2019-06-03 02:00","2019","06","03","02:00"
"-81.82","69.36","IGLOOLIK A","2402541","2019-06-03 03:00","2019","06","03","03:00"
"-81.82","69.36","IGLOOLIK A","2402541","2019-06-03 04:00","2019","06","03","04:00"
"-81.82","69.36","IGLOOLIK A","2402541","2019-06-03 05:00","2019","06","03","05:00"
"-81.82","69.36","IGLOOLIK A","2402541","2019-06-03 06:00","2019","06","03","06:00"
"-81.82","69.36","IGLOOLIK A","2402541","2019-06-03 07:00","2019","06","03","07:00"
"-81.82","69.36","IGLOOLIK A","2402541","2019-06-03 08:00","2019","06","03","08:00"
"-81.82","69.36","IGLOOLIK A","2402541","2019-06-03 09:00","2019","06","03","09:00"
"-81.82","69.36","IGLOOLIK A","2402541","2019-06-03 10:00","2019","06","03","10:00"
"-81.82","69.36","IGLOOLIK A","2402541","2019-06-03 11:00","2019","06","03","11:00"
"-81.82","69.36","IGLOOLIK A","2402541","2019-06-03 12:00","2019","06","03","12:00"
"-81.82","69.36","IGLOOLIK A","2402541","2019-06-03 13:00","2019","06","03","13:00"
"-81.82","69.36","IGLOOLIK A","2402541","2019-06-03 14:00","2019","06","03","14:00"
"-81.82","69.36","IGLOOLIK A","2402541","2019-06-03 15:00","2019","06","03","15:00"
"-81.82","69.36","IGLOOLIK A","2402541","2019-06-03 16:00","2019","06","03","16:00"
"-81.82","69.36","IGLOOLIK A","2402541","2019-06-03 17:00","2019","06","03","17:00"
"-81.82","69.36","IGLOOLIK A","2402541","2019-06-03 18:00","2019","06","03","18:00"
"-81.82","69.36","IGLOOLIK A","2402541","2019-06-03 19:00","2019","06","03","19:00"
"-81.82","69.36","IGLOOLIK A","2402541","2019-06-03 20:00","2019","06","03","20:00"
"-81.82","69.36","IGLOOLIK A","2402541","2019-06-03 21:00","2019","06","03","21:00"
"-81.82","69.36","IGLOOLIK A","2402541","2019-06-03 22:00","2019","06","03","22:00"
"-81.82","69.36","IGLOOLIK A","2402541","2019-06-03 23:00","2019","06","03","23:00"
"-81.82","69.36","IGLOOLIK A","2402541","2019-06-04 00:00","2019","06","04","00:00"
"-81.82","69.36","IGLOOLIK A","2402541","2019-06-04 01:00","2019","06","04","01:00"
"-81.82","69.36","IGLOOLIK A","2402541","2019-06-04 02:00","2019","06","04","02:00"
"-81.82","69.36","IGLOOLIK A","2402541","2019-06-04 03:00","2019","06","04","03:00"
"-81.82","69.36","IGLOOLIK A","2402541","2019-06-04 04:00","2019","06","04","04:00"
"-81.82","69.36","IGLOOLIK A","2402541","2019-06-04 05:00","2019","06","04","05:00"
"-81.82","69.36","IGLOOLIK A","2402541","2019-06-04 06:00","2019","06","04","06:00"
"-81.82","69.36","IGLOOLIK A","2402541","2019-06-04 07:00","2019","06","04","07:00"
"-81.82","69.36","IGLOOLIK A","2402541","2019-06-04 08:00","2019","06","04","08:00"
"-81.82","69.36","IGLOOLIK A","2402541","2019-06-04 09:00","2019","06","04","09:00"
"-81.82","69.36","IGLOOLIK A","2402541","2019-06-04 10:00","2019","06","04","10:00"
"-81.82","69.36","IGLOOLIK A","2402541","2019-06-04 11:00","2019","06","04","11:00"
"-81.82","69.36","IGLOOLIK A","2402541","2019-06-04 12:00","2019","06","04","12:00"
"-81.82","69.36","IGLOOLIK A","2402541","2019-06-04 13:00","2019","06","04","13:00"
"-81.82","69.36","IGLOOLIK A","2402541","2019-06-04 14:00","2019","06","04","14:00"
"-81.82","69.36","IGLOOLIK A","2402541","2019-06-04 15:00","2019","06","04","15:00"
"-81.82","69.36","IGLOOLIK A","2402541","2019-06-04 16:00","2019","06","04","16:00"
"-81.82","69.36","IGLOOLIK A","2402541","2019-06-04 17:00","2019","06","04","17:00"
"-81.82","69.36","IGLOOLIK A","2402541","2019-06-04 18:00","2019","06","04","18:00"
"-81.82","69.36","IGLOOLIK A","2402541","2019-06-04 19:00","2019","06","04","19:00"
"-81.82","69.36","IGLOOLIK A","2402541","2019-06-04 20:00","2019","06","04","20:00"
"-81.82","69.36","IGLOOLIK A","2402541","2019-06-04 21:00","2019","06","04","21:00"
"-81.82","69.36","IGLOOLIK A","2402541","2019-06-04 22:00","2019","06","04","22:00"
"-81.82","69.36","IGLOOLIK A","2402541","2019-06-04 23:00","2019","06","04","23:00"
"-81.82","69.36","IGLOOLIK A","2402541","2019-06-05 00:00","2019","06","05","00:00"
"-81.82","69.36","IGLOOLIK A","2402541","2019-06-05 01:00","2019","06","05","01:00"
"-81.82","69.36","IGLOOLIK A","2402541","2019-06-05 02:00","2019","06","05","02:00"
"-81.82","69.36","IGLOOLIK A","2402541","2019-06-05 03:00","2019","06","05","03:00"
"-81.82","69.36","IGLOOLIK A","2402541","2019-06-05 04:00","2019","06","05","04:00","0.3","","-1.0","","91","","","","33","","17","","24.1","","101.55","","","","","","Mostly Cloudy"
"-81.82","69.36","IGLOOLIK A","2402541","2019-06-05 05:00","2019","06","05","05:00","0.0","","-2.2","","85","","","","34","","18","","24.1","","101.55","","","","-5","","NA"
"-81.82","69.36","IGLOOLIK A","2402541","2019-06-05 06:00","2019","06","05","06:00","0.1","","-2.7","","82","","","","34","","15","","24.1","","101.60","","","","","","NA"
"-81.82","69.36","IGLOOLIK A","2402541","2019-06-05 07:00","2019","06","05","07:00","0.0","","-3.4","","78","","","","34","","20","","24.1","","101.63","","","","-5","","Mainly Clear"
"-81.82","69.36","IGLOOLIK A","2402541","2019-06-05 08:00","2019","06","05","08:00","0.4","","-2.9","","78","","","","35","","14","","24.1","","101.64","","","","","","NA"
"-81.82","69.36","IGLOOLIK A","2402541","2019-06-05 09:00","2019","06","05","09:00","0.6","","-2.4","","80","","","","32","","13","","24.1","","101.64","","","","","","NA"
"-81.82","69.36","IGLOOLIK A","2402541","2019-06-05 10:00","2019","06","05","10:00","1.3","","-2.7","","74","","","","31","","12","","24.1","","101.61","","","","","","Mainly Clear"
"-81.82","69.36","IGLOOLIK A","2402541","2019-06-05 11:00","2019","06","05","11:00","1.5","","-3.6","","69","","","","35","","24","","24.1","","101.60","","","","","","NA"
"-81.82","69.36","IGLOOLIK A","2402541","2019-06-05 12:00","2019","06","05","12:00","1.7","","-3.7","","67","","","","35","","22","","24.1","","101.58","","","","","","NA"
"-81.82","69.36","IGLOOLIK A","2402541","2019-06-05 13:00","2019","06","05","13:00","1.7","","-3.2","","70","","","","34","","19","","24.1","","101.56","","","","","","Clear"
"-81.82","69.36","IGLOOLIK A","2402541","2019-06-05 14:00","2019","06","05","14:00","2.4","","-2.7","","69","","","","35","","22","","24.1","","101.57","","","","","","NA"
"-81.82","69.36","IGLOOLIK A","2402541","2019-06-05 15:00","2019","06","05","15:00","2.8","","-3.5","","63","","","","34","","23","","24.1","","101.55","","","","","","NA"
"-81.82","69.36","IGLOOLIK A","2402541","2019-06-05 16:00","2019","06","05","16:00"
"-81.82","69.36","IGLOOLIK A","2402541","2019-06-05 17:00","2019","06","05","17:00"
"-81.82","69.36","IGLOOLIK A","2402541","2019-06-05 18:00","2019","06","05","18:00"
"-81.82","69.36","IGLOOLIK A","2402541","2019-06-05 19:00","2019","06","05","19:00"
"-81.82","69.36","IGLOOLIK A","2402541","2019-06-05 20:00","2019","06","05","20:00"
"-81.82","69.36","IGLOOLIK A","2402541","2019-06-05 21:00","2019","06","05","21:00"
"-81.82","69.36","IGLOOLIK A","2402541","2019-06-05 22:00","2019","06","05","22:00"
"-81.82","69.36","IGLOOLIK A","2402541","2019-06-05 23:00","2019","06","05","23:00"
"-81.82","69.36","IGLOOLIK A","2402541","2019-06-06 00:00","2019","06","06","00:00"
"-81.82","69.36","IGLOOLIK A","2402541","2019-06-06 01:00","2019","06","06","01:00"
"-81.82","69.36","IGLOOLIK A","2402541","2019-06-06 02:00","2019","06","06","02:00"
"-81.82","69.36","IGLOOLIK A","2402541","2019-06-06 03:00","2019","06","06","03:00"
"-81.82","69.36","IGLOOLIK A","2402541","2019-06-06 04:00","2019","06","06","04:00"
"-81.82","69.36","IGLOOLIK A","2402541","2019-06-06 05:00","2019","06","06","05:00"
"-81.82","69.36","IGLOOLIK A","2402541","2019-06-06 06:00","2019","06","06","06:00"
"-81.82","69.36","IGLOOLIK A","2402541","2019-06-06 07:00","2019","06","06","07:00"
"-81.82","69.36","IGLOOLIK A","2402541","2019-06-06 08:00","2019","06","06","08:00"
"-81.82","69.36","IGLOOLIK A","2402541","2019-06-06 09:00","2019","06","06","09:00"
"-81.82","69.36","IGLOOLIK A","2402541","2019-06-06 10:00","2019","06","06","10:00"
"-81.82","69.36","IGLOOLIK A","2402541","2019-06-06 11:00","2019","06","06","11:00"
"-81.82","69.36","IGLOOLIK A","2402541","2019-06-06 12:00","2019","06","06","12:00","2.8","","-1.6","","73","","","","35","","24","","24.1","","101.20","","","","","","NA"
"-81.82","69.36","IGLOOLIK A","2402541","2019-06-06 13:00","2019","06","06","13:00","3.4","","-0.8","","74","","","","35","","22","","24.1","","101.20","","","","","","Mainly Clear"
"-81.82","69.36","IGLOOLIK A","2402541","2019-06-06 14:00","2019","06","06","14:00","3.5","","-1.2","","72","","","","35","","25","","24.1","","101.21","","","","","","NA"
"-81.82","69.36","IGLOOLIK A","2402541","2019-06-06 15:00","2019","06","06","15:00","3.9","","-0.6","","72","","","","35","","24","","24.1","","101.22","","","","","","NA"
"-81.82","69.36","IGLOOLIK A","2402541","2019-06-06 16:00","2019","06","06","16:00","3.7","","-0.6","","73","","","","35","","24","","24.1","","101.23","","","","","","Clear"
"-81.82","69.36","IGLOOLIK A","2402541","2019-06-06 17:00","2019","06","06","17:00"
"-81.82","69.36","IGLOOLIK A","2402541","2019-06-06 18:00","2019","06","06","18:00"
"-81.82","69.36","IGLOOLIK A","2402541","2019-06-06 19:00","2019","06","06","19:00"
"-81.82","69.36","IGLOOLIK A","2402541","2019-06-06 20:00","2019","06","06","20:00"
"-81.82","69.36","IGLOOLIK A","2402541","2019-06-06 21:00","2019","06","06","21:00"
"-81.82","69.36","IGLOOLIK A","2402541","2019-06-06 22:00","2019","06","06","22:00"
"-81.82","69.36","IGLOOLIK A","2402541","2019-06-06 23:00","2019","06","06","23:00"
"-81.82","69.36","IGLOOLIK A","2402541","2019-06-07 00:00","2019","06","07","00:00"
"-81.82","69.36","IGLOOLIK A","2402541","2019-06-07 01:00","2019","06","07","01:00"
"-81.82","69.36","IGLOOLIK A","2402541","2019-06-07 02:00","2019","06","07","02:00"
"-81.82","69.36","IGLOOLIK A","2402541","2019-06-07 03:00","2019","06","07","03:00"
"-81.82","69.36","IGLOOLIK A","2402541","2019-06-07 04:00","2019","06","07","04:00","0.1","","-1.4","","90","","","","35","","19","","24.1","","101.28","","","","","","Mainly Clear"
"-81.82","69.36","IGLOOLIK A","2402541","2019-06-07 05:00","2019","06","07","05:00","0.1","","-1.2","","91","","","","35","","17","","24.1","","101.28","","","","","","NA"
"-81.82","69.36","IGLOOLIK A","2402541","2019-06-07 06:00","2019","06","07","06:00","0.6","","-0.9","","90","","","","35","","21","","24.1","","101.29","","","","","","NA"
"-81.82","69.36","IGLOOLIK A","2402541","2019-06-07 07:00","2019","06","07","07:00","0.9","","-0.8","","88","","","","35","","19","","24.1","","101.31","","","","","","Mainly Clear"
"-81.82","69.36","IGLOOLIK A","2402541","2019-06-07 08:00","2019","06","07","08:00","1.7","","-0.5","","86","","","","36","","23","","24.1","","101.31","","","","","","NA"
"-81.82","69.36","IGLOOLIK A","2402541","2019-06-07 09:00","2019","06","07","09:00","2.8","","0.3","","83","","","","36","","19","","24.1","","101.32","","","","","","NA"
"-81.82","69.36","IGLOOLIK A","2402541","2019-06-07 10:00","2019","06","07","10:00","3.0","","0.2","","82","","","","35","","23","","24.1","","101.32","","","","","","Mainly Clear"
"-81.82","69.36","IGLOOLIK A","2402541","2019-06-07 11:00","2019","06","07","11:00","3.8","","0.6","","79","","","","35","","23","","24.1","","101.30","","","","","","NA"
"-81.82","69.36","IGLOOLIK A","2402541","2019-06-07 12:00","2019","06","07","12:00","4.4","","1.3","","80","","","","36","","23","","24.1","","101.29","","","","","","NA"
"-81.82","69.36","IGLOOLIK A","2402541","2019-06-07 13:00","2019","06","07","13:00","4.7","","1.3","","78","","","","35","","21","","24.1","","101.33","","","","","","Mainly Clear"
"-81.82","69.36","IGLOOLIK A","2402541","2019-06-07 14:00","2019","06","07","14:00","5.0","","1.0","","75","","","","35","","19","","24.1","","101.35","","","","","","NA"
"-81.82","69.36","IGLOOLIK A","2402541","2019-06-07 15:00","2019","06","07","15:00","5.6","","1.1","","73","","","","35","","21","","24.1","","101.34","","","","","","NA"
"-81.82","69.36","IGLOOLIK A","2402541","2019-06-07 16:00","2019","06","07","16:00","6.0","","1.4","","72","","","","35","","21","","24.1","","101.33","","","","","","Mainly Clear"
"-81.82","69.36","IGLOOLIK A","2402541","2019-06-07 17:00","2019","06","07","17:00"
"-81.82","69.36","IGLOOLIK A","2402541","2019-06-07 18:00","2019","06","07","18:00"
"-81.82","69.36","IGLOOLIK A","2402541","2019-06-07 19:00","2019","06","07","19:00"
"-81.82","69.36","IGLOOLIK A","2402541","2019-06-07 20:00","2019","06","07","20:00"
"-81.82","69.36","IGLOOLIK A","2402541","2019-06-07 21:00","2019","06","07","21:00"
"-81.82","69.36","IGLOOLIK A","2402541","2019-06-07 22:00","2019","06","07","22:00"
"-81.82","69.36","IGLOOLIK A","2402541","2019-06-07 23:00","2019","06","07","23:00"
"-81.82","69.36","IGLOOLIK A","2402541","2019-06-08 00:00","2019","06","08","00:00"
"-81.82","69.36","IGLOOLIK A","2402541","2019-06-08 01:00","2019","06","08","01:00"
"-81.82","69.36","IGLOOLIK A","2402541","2019-06-08 02:00","2019","06","08","02:00"
"-81.82","69.36","IGLOOLIK A","2402541","2019-06-08 03:00","2019","06","08","03:00"
"-81.82","69.36","IGLOOLIK A","2402541","2019-06-08 04:00","2019","06","08","04:00"
"-81.82","69.36","IGLOOLIK A","2402541","2019-06-08 05:00","2019","06","08","05:00"
"-81.82","69.36","IGLOOLIK A","2402541","2019-06-08 06:00","2019","06","08","06:00"
"-81.82","69.36","IGLOOLIK A","2402541","2019-06-08 07:00","2019","06","08","07:00"
"-81.82","69.36","IGLOOLIK A","2402541","2019-06-08 08:00","2019","06","08","08:00"
"-81.82","69.36","IGLOOLIK A","2402541","2019-06-08 09:00","2019","06","08","09:00"
"-81.82","69.36","IGLOOLIK A","2402541","2019-06-08 10:00","2019","06","08","10:00","4.1","","-0.1","","74","","","","35","","15","","24.1","","101.59","","","","","","Mainly Clear"
"-81.82","69.36","IGLOOLIK A","2402541","2019-06-08 11:00","2019","06","08","11:00","4.6","","0.0","","72","","","","34","","15","","24.1","","101.59","","","","","","NA"
"-81.82","69.36","IGLOOLIK A","2402541","2019-06-08 12:00","2019","06","08","12:00","5.1","","-0.6","","66","","","","32","","7","","24.1","","101.61","","","","","","NA"
"-81.82","69.36","IGLOOLIK A","2402541","2019-06-08 13:00","2019","06","08","13:00","5.8","","-0.4","","64","","","","27","","9","","24.1","","101.65","","","","","","Mainly Clear"
"-81.82","69.36","IGLOOLIK A","2402541","2019-06-08 14:00","2019","06","08","14:00","6.4","","1.0","","68","","","","28","","10","","24.1","","101.66","","","","","","NA"
"-81.82","69.36","IGLOOLIK A","2402541","2019-06-08 15:00","2019","06","08","15:00"
"-81.82","69.36","IGLOOLIK A","2402541","2019-06-08 16:00","2019","06","08","16:00"
"-81.82","69.36","IGLOOLIK A","2402541","2019-06-08 17:00","2019","06","08","17:00"
"-81.82","69.36","IGLOOLIK A","2402541","2019-06-08 18:00","2019","06","08","18:00"
"-81.82","69.36","IGLOOLIK A","2402541","2019-06-08 19:00","2019","06","08","19:00"
"-81.82","69.36","IGLOOLIK A","2402541","2019-06-08 20:00","2019","06","08","20:00"
"-81.82","69.36","IGLOOLIK A","2402541","2019-06-08 21:00","2019","06","08","21:00"
"-81.82","69.36","IGLOOLIK A","2402541","2019-06-08 22:00","2019","06","08","22:00"
"-81.82","69.36","IGLOOLIK A","2402541","2019-06-08 23:00","2019","06","08","23:00"
"-81.82","69.36","IGLOOLIK A","2402541","2019-06-09 00:00","2019","06","09","00:00"
"-81.82","69.36","IGLOOLIK A","2402541","2019-06-09 01:00","2019","06","09","01:00"
"-81.82","69.36","IGLOOLIK A","2402541","2019-06-09 02:00","2019","06","09","02:00"
"-81.82","69.36","IGLOOLIK A","2402541","2019-06-09 03:00","2019","06","09","03:00"
"-81.82","69.36","IGLOOLIK A","2402541","2019-06-09 04:00","2019","06","09","04:00"
"-81.82","69.36","IGLOOLIK A","2402541","2019-06-09 05:00","2019","06","09","05:00"
"-81.82","69.36","IGLOOLIK A","2402541","2019-06-09 06:00","2019","06","09","06:00"
"-81.82","69.36","IGLOOLIK A","2402541","2019-06-09 07:00","2019","06","09","07:00"
"-81.82","69.36","IGLOOLIK A","2402541","2019-06-09 08:00","2019","06","09","08:00"
"-81.82","69.36","IGLOOLIK A","2402541","2019-06-09 09:00","2019","06","09","09:00"
"-81.82","69.36","IGLOOLIK A","2402541","2019-06-09 10:00","2019","06","09","10:00"
"-81.82","69.36","IGLOOLIK A","2402541","2019-06-09 11:00","2019","06","09","11:00","3.5","","0.2","","79","","","","14","","19","","24.1","","101.74","","","","","","NA"
"-81.82","69.36","IGLOOLIK A","2402541","2019-06-09 12:00","2019","06","09","12:00","3.0","","0.4","","83","","","","14","","23","","24.1","","101.71","","","","","","NA"
"-81.82","69.36","IGLOOLIK A","2402541","2019-06-09 13:00","2019","06","09","13:00","2.9","","1.3","","89","","","","15","","25","","24.1","","101.67","","","","","","Cloudy"
"-81.82","69.36","IGLOOLIK A","2402541","2019-06-09 14:00","2019","06","09","14:00","2.8","","0.9","","87","","","","15","","22","","24.1","","101.67","","","","","","NA"
"-81.82","69.36","IGLOOLIK A","2402541","2019-06-09 15:00","2019","06","09","15:00","3.6","","2.0","","89","","","","14","","20","","24.1","","101.60","","","","","","NA"
"-81.82","69.36","IGLOOLIK A","2402541","2019-06-09 16:00","2019","06","09","16:00"
"-81.82","69.36","IGLOOLIK A","2402541","2019-06-09 17:00","2019","06","09","17:00"
"-81.82","69.36","IGLOOLIK A","2402541","2019-06-09 18:00","2019","06","09","18:00"
"-81.82","69.36","IGLOOLIK A","2402541","2019-06-09 19:00","2019","06","09","19:00"
"-81.82","69.36","IGLOOLIK A","2402541","2019-06-09 20:00","2019","06","09","20:00"
"-81.82","69.36","IGLOOLIK A","2402541","2019-06-09 21:00","2019","06","09","21:00"
"-81.82","69.36","IGLOOLIK A","2402541","2019-06-09 22:00","2019","06","09","22:00"
"-81.82","69.36","IGLOOLIK A","2402541","2019-06-09 23:00","2019","06","09","23:00"
"-81.82","69.36","IGLOOLIK A","2402541","2019-06-10 00:00","2019","06","10","00:00"
"-81.82","69.36","IGLOOLIK A","2402541","2019-06-10 01:00","2019","06","10","01:00"
"-81.82","69.36","IGLOOLIK A","2402541","2019-06-10 02:00","2019","06","10","02:00"
"-81.82","69.36","IGLOOLIK A","2402541","2019-06-10 03:00","2019","06","10","03:00"
"-81.82","69.36","IGLOOLIK A","2402541","2019-06-10 04:00","2019","06","10","04:00"
"-81.82","69.36","IGLOOLIK A","2402541","2019-06-10 05:00","2019","06","10","05:00"
"-81.82","69.36","IGLOOLIK A","2402541","2019-06-10 06:00","2019","06","10","06:00","1.2","","0.8","","98","","","","14","","44","","16.1","","100.43","","","","","","Rain"
"-81.82","69.36","IGLOOLIK A","2402541","2019-06-10 07:00","2019","06","10","07:00","1.2","","1.1","","99","","","","14","","44","","4.8","","100.31","","","","","","Rain,Fog"
"-81.82","69.36","IGLOOLIK A","2402541","2019-06-10 08:00","2019","06","10","08:00","1.2","","1.1","","100","","","","15","","36","","6.4","","100.28","","","","","","Rain,Fog"
"-81.82","69.36","IGLOOLIK A","2402541","2019-06-10 09:00","2019","06","10","09:00","1.1","","1.1","","100","","","","15","","39","","6.4","","100.21","","","","","","Rain,Fog"
"-81.82","69.36","IGLOOLIK A","2402541","2019-06-10 10:00","2019","06","10","10:00","1.0","","1.0","","100","","","","15","","34","","6.4","","100.14","","","","","","Rain,Fog"
"-81.82","69.36","IGLOOLIK A","2402541","2019-06-10 11:00","2019","06","10","11:00","1.0","","1.0","","100","","","","15","","42","","3.2","","100.04","","","","","","Rain,Fog"
"-81.82","69.36","IGLOOLIK A","2402541","2019-06-10 12:00","2019","06","10","12:00","1.0","","1.0","","100","","","","16","","41","","3.2","","100.05","","","","","","Rain,Fog"
"-81.82","69.36","IGLOOLIK A","2402541","2019-06-10 13:00","2019","06","10","13:00","0.9","","0.9","","100","","","","16","","43","","3.2","","100.00","","","","","","Rain,Fog"
"-81.82","69.36","IGLOOLIK A","2402541","2019-06-10 14:00","2019","06","10","14:00","0.8","","0.8","","100","","","","17","","38","","3.2","","100.01","","","","","","Drizzle,Fog"
"-81.82","69.36","IGLOOLIK A","2402541","2019-06-10 15:00","2019","06","10","15:00","0.7","","0.7","","100","","","","18","","41","","0.4","","100.01","","","","","","Fog"
"-81.82","69.36","IGLOOLIK A","2402541","2019-06-10 16:00","2019","06","10","16:00","1.2","","1.2","","100","","","","17","","34","","0.4","","100.00","","","","","","Fog"
"-81.82","69.36","IGLOOLIK A","2402541","2019-06-10 17:00","2019","06","10","17:00"
"-81.82","69.36","IGLOOLIK A","2402541","2019-06-10 18:00","2019","06","10","18:00"
"-81.82","69.36","IGLOOLIK A","2402541","2019-06-10 19:00","2019","06","10","19:00"
"-81.82","69.36","IGLOOLIK A","2402541","2019-06-10 20:00","2019","06","10","20:00"
"-81.82","69.36","IGLOOLIK A","2402541","2019-06-10 21:00","2019","06","10","21:00"
"-81.82","69.36","IGLOOLIK A","2402541","2019-06-10 22:00","2019","06","10","22:00"
"-81.82","69.36","IGLOOLIK A","2402541","2019-06-10 23:00","2019","06","10","23:00"
"-81.82","69.36","IGLOOLIK A","2402541","2019-06-11 00:00","2019","06","11","00:00"
"-81.82","69.36","IGLOOLIK A","2402541","2019-06-11 01:00","2019","06","11","01:00"
"-81.82","69.36","IGLOOLIK A","2402541","2019-06-11 02:00","2019","06","11","02:00"
"-81.82","69.36","IGLOOLIK A","2402541","2019-06-11 03:00","2019","06","11","03:00"
"-81.82","69.36","IGLOOLIK A","2402541","2019-06-11 04:00","2019","06","11","04:00"
"-81.82","69.36","IGLOOLIK A","2402541","2019-06-11 05:00","2019","06","11","05:00","0.4","","0.1","","98","","","","17","","33","","24.1","","99.88","","","","","","NA"
"-81.82","69.36","IGLOOLIK A","2402541","2019-06-11 06:00","2019","06","11","06:00","0.5","","0.2","","98","","","","17","","34","","24.1","","99.89","","","","","","NA"
"-81.82","69.36","IGLOOLIK A","2402541","2019-06-11 07:00","2019","06","11","07:00","1.2","","1.0","","98","","","","17","","31","","16.1","","99.90","","","","","","Mostly Cloudy"
"-81.82","69.36","IGLOOLIK A","2402541","2019-06-11 08:00","2019","06","11","08:00","1.9","","1.4","","97","","","","18","","27","","24.1","","99.91","","","","","","NA"
"-81.82","69.36","IGLOOLIK A","2402541","2019-06-11 09:00","2019","06","11","09:00","2.3","","1.4","","94","","","","19","","30","","24.1","","99.93","","","","","","NA"
"-81.82","69.36","IGLOOLIK A","2402541","2019-06-11 10:00","2019","06","11","10:00","3.6","","2.2","","91","","","","19","","27","","24.1","","99.93","","","","","","Mostly Cloudy"
"-81.82","69.36","IGLOOLIK A","2402541","2019-06-11 11:00","2019","06","11","11:00","4.2","","2.3","","87","","","","19","","24","","24.1","","99.92","","","","","","NA"
"-81.82","69.36","IGLOOLIK A","2402541","2019-06-11 12:00","2019","06","11","12:00","2.8","","1.6","","92","","","","15","","22","","24.1","","99.92","","","","","","NA"
"-81.82","69.36","IGLOOLIK A","2402541","2019-06-11 13:00","2019","06","11","13:00","2.0","","1.6","","97","","","","15","","22","","3.2","","99.98","","","","","","Fog"
"-81.82","69.36","IGLOOLIK A","2402541","2019-06-11 14:00","2019","06","11","14:00","2.0","","1.4","","96","","","","16","","26","","24.1","","100.00","","","","","","NA"
"-81.82","69.36","IGLOOLIK A","2402541","2019-06-11 15:00","2019","06","11","15:00","2.4","","1.1","","91","","","","15","","20","","24.1","","100.04","","","","","","NA"
"-81.82","69.36","IGLOOLIK A","2402541","2019-06-11 16:00","2019","06","11","16:00","0.8","","0.3","","96","","","","14","","22","","0.8","","100.04","","","","","","Fog"
"-81.82","69.36","IGLOOLIK A","2402541","2019-06-11 17:00","2019","06","11","17:00"
"-81.82","69.36","IGLOOLIK A","2402541","2019-06-11 18:00","2019","06","11","18:00"
"-81.82","69.36","IGLOOLIK A","2402541","2019-06-11 19:00","2019","06","11","19:00","1.0","","0.5","","96","","","","14","","18","","24.1","","100.12","","","","","","Mostly Cloudy"
"-81.82","69.36","IGLOOLIK A","2402541","2019-06-11 20:00","2019","06","11","20:00","1.3","","0.8","","96","","","","15","","15","","24.1","","100.10","","","","","","NA"
"-81.82","69.36","IGLOOLIK A","2402541","2019-06-11 21:00","2019","06","11","21:00","0.7","","0.4","","97","","","","15","","12","","24.1","","100.12","","","","","","NA"
"-81.82","69.36","IGLOOLIK A","2402541","2019-06-11 22:00","2019","06","11","22:00","0.5","","0.3","","98","","","","14","","11","","24.1","","100.12","","","","","","Cloudy"
"-81.82","69.36","IGLOOLIK A","2402541","2019-06-11 23:00","2019","06","11","23:00"
"-81.82","69.36","IGLOOLIK A","2402541","2019-06-12 00:00","2019","06","12","00:00"
"-81.82","69.36","IGLOOLIK A","2402541","2019-06-12 01:00","2019","06","12","01:00"
"-81.82","69.36","IGLOOLIK A","2402541","2019-06-12 02:00","2019","06","12","02:00"
"-81.82","69.36","IGLOOLIK A","2402541","2019-06-12 03:00","2019","06","12","03:00"
"-81.82","69.36","IGLOOLIK A","2402541","2019-06-12 04:00","2019","06","12","04:00","0.6","","0.6","","100","","","","6","","16","","1.2","","100.07","","","","","","Fog"
"-81.82","69.36","IGLOOLIK A","2402541","2019-06-12 05:00","2019","06","12","05:00","0.8","","0.8","","100","","","","3","","13","","1.2","","100.07","","","","","","Fog"
"-81.82","69.36","IGLOOLIK A","2402541","2019-06-12 06:00","2019","06","12","06:00","0.5","","0.5","","100","","","","35","","16","","0.4","","100.13","","","","","","Fog"
"-81.82","69.36","IGLOOLIK A","2402541","2019-06-12 07:00","2019","06","12","07:00","1.0","","1.0","","100","","","","1","","26","","24.1","","100.06","","","","","","Cloudy"
"-81.82","69.36","IGLOOLIK A","2402541","2019-06-12 08:00","2019","06","12","08:00","1.1","","1.1","","100","","","","1","","30","","24.1","","100.00","","","","","","NA"
"-81.82","69.36","IGLOOLIK A","2402541","2019-06-12 09:00","2019","06","12","09:00","1.6","","1.6","","100","","","","2","","29","","24.1","","99.96","","","","","","NA"
"-81.82","69.36","IGLOOLIK A","2402541","2019-06-12 10:00","2019","06","12","10:00","1.9","","1.9","","100","","","","6","","22","","24.1","","99.96","","","","","","Cloudy"
"-81.82","69.36","IGLOOLIK A","2402541","2019-06-12 11:00","2019","06","12","11:00","1.6","","1.1","","97","","","","14","","26","","24.1","","99.99","","","","","","Rain"
"-81.82","69.36","IGLOOLIK A","2402541","2019-06-12 12:00","2019","06","12","12:00","0.8","","0.5","","98","","","","15","","20","","16.1","","100.01","","","","","","Rain"
"-81.82","69.36","IGLOOLIK A","2402541","2019-06-12 13:00","2019","06","12","13:00","0.8","","0.3","","97","","","","15","","22","","24.1","","100.06","","","","","","Rain"
"-81.82","69.36","IGLOOLIK A","2402541","2019-06-12 14:00","2019","06","12","14:00","0.8","","0.3","","96","","","","14","","20","","24.1","","100.12","","","","","","Rain"
"-81.82","69.36","IGLOOLIK A","2402541","2019-06-12 15:00","2019","06","12","15:00","1.2","","0.6","","95","","","","14","","21","","16.1","","100.13","","","","","","Rain"
"-81.82","69.36","IGLOOLIK A","2402541","2019-06-12 16:00","2019","06","12","16:00"
"-81.82","69.36","IGLOOLIK A","2402541","2019-06-12 17:00","2019","06","12","17:00"
"-81.82","69.36","IGLOOLIK A","2402541","2019-06-12 18:00","2019","06","12","18:00"
"-81.82","69.36","IGLOOLIK A","2402541","2019-06-12 19:00","2019","06","12","19:00"
"-81.82","69.36","IGLOOLIK A","2402541","2019-06-12 20:00","2019","06","12","20:00"
"-81.82","69.36","IGLOOLIK A","2402541","2019-06-12 21:00","2019","06","12","21:00"
"-81.82","69.36","IGLOOLIK A","2402541","2019-06-12 22:00","2019","06","12","22:00"
"-81.82","69.36","IGLOOLIK A","2402541","2019-06-12 23:00","2019","06","12","23:00"
"-81.82","69.36","IGLOOLIK A","2402541","2019-06-13 00:00","2019","06","13","00:00"
"-81.82","69.36","IGLOOLIK A","2402541","2019-06-13 01:00","2019","06","13","01:00"
"-81.82","69.36","IGLOOLIK A","2402541","2019-06-13 02:00","2019","06","13","02:00"
"-81.82","69.36","IGLOOLIK A","2402541","2019-06-13 03:00","2019","06","13","03:00"
"-81.82","69.36","IGLOOLIK A","2402541","2019-06-13 04:00","2019","06","13","04:00"
"-81.82","69.36","IGLOOLIK A","2402541","2019-06-13 05:00","2019","06","13","05:00","1.0","","0.9","","100","","","","19","","21","","19.3","","100.66","","","","","","NA"
"-81.82","69.36","IGLOOLIK A","2402541","2019-06-13 06:00","2019","06","13","06:00","1.2","","1.1","","99","","","","20","","22","","20.9","","100.71","","","","","","NA"
"-81.82","69.36","IGLOOLIK A","2402541","2019-06-13 07:00","2019","06","13","07:00","1.9","","1.5","","97","","","","19","","18","","24.1","","100.77","","","","","","Cloudy"
"-81.82","69.36","IGLOOLIK A","2402541","2019-06-13 08:00","2019","06","13","08:00","2.3","","2.0","","98","","","","16","","10","","24.1","","100.84","","","","","","NA"
"-81.82","69.36","IGLOOLIK A","2402541","2019-06-13 09:00","2019","06","13","09:00","1.4","","0.9","","96","","","","15","","17","","24.1","","100.87","","","","","","NA"
"-81.82","69.36","IGLOOLIK A","2402541","2019-06-13 10:00","2019","06","13","10:00","3.2","","1.5","","88","","","","16","","14","","24.1","","100.89","","","","","","Cloudy"
"-81.82","69.36","IGLOOLIK A","2402541","2019-06-13 11:00","2019","06","13","11:00","3.7","","1.9","","88","","","","14","","12","","24.1","","100.90","","","","","","NA"
"-81.82","69.36","IGLOOLIK A","2402541","2019-06-13 12:00","2019","06","13","12:00","3.5","","2.8","","95","","","","14","","12","","24.1","","100.92","","","","","","NA"
"-81.82","69.36","IGLOOLIK A","2402541","2019-06-13 13:00","2019","06","13","13:00","2.6","","2.1","","97","","","","11","","16","","24.1","","100.91","","","","","","Rain"
"-81.82","69.36","IGLOOLIK A","2402541","2019-06-13 14:00","2019","06","13","14:00","2.6","","2.2","","97","","","","13","","18","","24.1","","100.94","","","","","","Rain"
"-81.82","69.36","IGLOOLIK A","2402541","2019-06-13 15:00","2019","06","13","15:00","3.2","","2.6","","96","","","","13","","19","","24.1","","100.98","","","","","","Rain"
"-81.82","69.36","IGLOOLIK A","2402541","2019-06-13 16:00","2019","06","13","16:00","2.3","","1.8","","97","","","","13","","14","","24.1","","101.02","","","","","","Mostly Cloudy"
"-81.82","69.36","IGLOOLIK A","2402541","2019-06-13 17:00","2019","06","13","17:00"
"-81.82","69.36","IGLOOLIK A","2402541","2019-06-13 18:00","2019","06","13","18:00"
"-81.82","69.36","IGLOOLIK A","2402541","2019-06-13 19:00","2019","06","13","19:00"
"-81.82","69.36","IGLOOLIK A","2402541","2019-06-13 20:00","2019","06","13","20:00"
"-81.82","69.36","IGLOOLIK A","2402541","2019-06-13 21:00","2019","06","13","21:00"
"-81.82","69.36","IGLOOLIK A","2402541","2019-06-13 22:00","2019","06","13","22:00"
"-81.82","69.36","IGLOOLIK A","2402541","2019-06-13 23:00","2019","06","13","23:00"
"-81.82","69.36","IGLOOLIK A","2402541","2019-06-14 00:00","2019","06","14","00:00"
"-81.82","69.36","IGLOOLIK A","2402541","2019-06-14 01:00","2019","06","14","01:00"
"-81.82","69.36","IGLOOLIK A","2402541","2019-06-14 02:00","2019","06","14","02:00"
"-81.82","69.36","IGLOOLIK A","2402541","2019-06-14 03:00","2019","06","14","03:00"
"-81.82","69.36","IGLOOLIK A","2402541","2019-06-14 04:00","2019","06","14","04:00"
"-81.82","69.36","IGLOOLIK A","2402541","2019-06-14 05:00","2019","06","14","05:00","1.1","","1.1","","100","","","","36","","11","","0.4","","101.18","","","","","","Fog"
"-81.82","69.36","IGLOOLIK A","2402541","2019-06-14 06:00","2019","06","14","06:00","0.9","","0.9","","100","","","","13","","7","","0.4","","101.22","","","","","","Fog"
"-81.82","69.36","IGLOOLIK A","2402541","2019-06-14 07:00","2019","06","14","07:00","2.4","","2.4","","100","","","","8","","3","","1.2","","101.25","","","","","","Fog"
"-81.82","69.36","IGLOOLIK A","2402541","2019-06-14 08:00","2019","06","14","08:00","2.8","","2.8","","100","","","","36","","3","","0.8","","101.26","","","","","","Fog"
"-81.82","69.36","IGLOOLIK A","2402541","2019-06-14 09:00","2019","06","14","09:00","2.3","","2.3","","100","","","","29","","9","","0.4","","101.26","","","","","","Fog"
"-81.82","69.36","IGLOOLIK A","2402541","2019-06-14 10:00","2019","06","14","10:00","4.0","","4.0","","100","","","","29","","3","","16.1","","101.26","","","","","","Mostly Cloudy"
"-81.82","69.36","IGLOOLIK A","2402541","2019-06-14 11:00","2019","06","14","11:00","6.6","","4.6","","87","","","","29","","3","","22.5","","101.26","","","","","","NA"
"-81.82","69.36","IGLOOLIK A","2402541","2019-06-14 12:00","2019","06","14","12:00","6.8","","3.5","","79","","","","28","","6","","24.1","","101.28","","","","","","NA"
"-81.82","69.36","IGLOOLIK A","2402541","2019-06-14 13:00","2019","06","14","13:00","7.4","","4.3","","81","","","","29","","5","","24.1","","101.29","","","","","","Mostly Cloudy"
"-81.82","69.36","IGLOOLIK A","2402541","2019-06-14 14:00","2019","06","14","14:00","8.9","","5.7","","80","","","","31","","5","","24.1","","101.30","","","","","","NA"
"-81.82","69.36","IGLOOLIK A","2402541","2019-06-14 15:00","2019","06","14","15:00","9.1","","4.2","","72","","","","32","","9","","24.1","","101.31","","","","","","NA"
"-81.82","69.36","IGLOOLIK A","2402541","2019-06-14 16:00","2019","06","14","16:00","9.9","","4.3","","68","","","","32","","9","","24.1","","101.34","","","","","","Mostly Cloudy"
"-81.82","69.36","IGLOOLIK A","2402541","2019-06-14 17:00","2019","06","14","17:00"
"-81.82","69.36","IGLOOLIK A","2402541","2019-06-14 18:00","2019","06","14","18:00"
"-81.82","69.36","IGLOOLIK A","2402541","2019-06-14 19:00","2019","06","14","19:00"
"-81.82","69.36","IGLOOLIK A","2402541","2019-06-14 20:00","2019","06","14","20:00"
"-81.82","69.36","IGLOOLIK A","2402541","2019-06-14 21:00","2019","06","14","21:00"
"-81.82","69.36","IGLOOLIK A","2402541","2019-06-14 22:00","2019","06","14","22:00"
"-81.82","69.36","IGLOOLIK A","2402541","2019-06-14 23:00","2019","06","14","23:00"
"-81.82","69.36","IGLOOLIK A","2402541","2019-06-15 00:00","2019","06","15","00:00"
"-81.82","69.36","IGLOOLIK A","2402541","2019-06-15 01:00","2019","06","15","01:00"
"-81.82","69.36","IGLOOLIK A","2402541","2019-06-15 02:00","2019","06","15","02:00"
"-81.82","69.36","IGLOOLIK A","2402541","2019-06-15 03:00","2019","06","15","03:00"
"-81.82","69.36","IGLOOLIK A","2402541","2019-06-15 04:00","2019","06","15","04:00"
"-81.82","69.36","IGLOOLIK A","2402541","2019-06-15 05:00","2019","06","15","05:00"
"-81.82","69.36","IGLOOLIK A","2402541","2019-06-15 06:00","2019","06","15","06:00"
"-81.82","69.36","IGLOOLIK A","2402541","2019-06-15 07:00","2019","06","15","07:00"
"-81.82","69.36","IGLOOLIK A","2402541","2019-06-15 08:00","2019","06","15","08:00"
"-81.82","69.36","IGLOOLIK A","2402541","2019-06-15 09:00","2019","06","15","09:00"
"-81.82","69.36","IGLOOLIK A","2402541","2019-06-15 10:00","2019","06","15","10:00","8.4","","2.0","","64","","","","22","","4","","24.1","","101.81","","","","","","Mostly Cloudy"
"-81.82","69.36","IGLOOLIK A","2402541","2019-06-15 11:00","2019","06","15","11:00","8.8","","1.6","","61","","","","13","","8","","24.1","","101.80","","","","","","NA"
"-81.82","69.36","IGLOOLIK A","2402541","2019-06-15 12:00","2019","06","15","12:00","8.5","","2.1","","64","","","","13","","10","","24.1","","101.78","","","","","","NA"
"-81.82","69.36","IGLOOLIK A","2402541","2019-06-15 13:00","2019","06","15","13:00","7.8","","1.4","","64","","","","14","","17","","24.1","","101.79","","","","","","Mainly Clear"
"-81.82","69.36","IGLOOLIK A","2402541","2019-06-15 14:00","2019","06","15","14:00","7.9","","1.9","","66","","","","15","","22","","24.1","","101.78","","","","","","NA"
"-81.82","69.36","IGLOOLIK A","2402541","2019-06-15 15:00","2019","06","15","15:00"
"-81.82","69.36","IGLOOLIK A","2402541","2019-06-15 16:00","2019","06","15","16:00"
"-81.82","69.36","IGLOOLIK A","2402541","2019-06-15 17:00","2019","06","15","17:00"
"-81.82","69.36","IGLOOLIK A","2402541","2019-06-15 18:00","2019","06","15","18:00"
"-81.82","69.36","IGLOOLIK A","2402541","2019-06-15 19:00","2019","06","15","19:00"
"-81.82","69.36","IGLOOLIK A","2402541","2019-06-15 20:00","2019","06","15","20:00"
"-81.82","69.36","IGLOOLIK A","2402541","2019-06-15 21:00","2019","06","15","21:00"
"-81.82","69.36","IGLOOLIK A","2402541","2019-06-15 22:00","2019","06","15","22:00"
"-81.82","69.36","IGLOOLIK A","2402541","2019-06-15 23:00","2019","06","15","23:00"
"-81.82","69.36","IGLOOLIK A","2402541","2019-06-16 00:00","2019","06","16","00:00"
"-81.82","69.36","IGLOOLIK A","2402541","2019-06-16 01:00","2019","06","16","01:00"
"-81.82","69.36","IGLOOLIK A","2402541","2019-06-16 02:00","2019","06","16","02:00"
"-81.82","69.36","IGLOOLIK A","2402541","2019-06-16 03:00","2019","06","16","03:00"
"-81.82","69.36","IGLOOLIK A","2402541","2019-06-16 04:00","2019","06","16","04:00"
"-81.82","69.36","IGLOOLIK A","2402541","2019-06-16 05:00","2019","06","16","05:00"
"-81.82","69.36","IGLOOLIK A","2402541","2019-06-16 06:00","2019","06","16","06:00"
"-81.82","69.36","IGLOOLIK A","2402541","2019-06-16 07:00","2019","06","16","07:00"
"-81.82","69.36","IGLOOLIK A","2402541","2019-06-16 08:00","2019","06","16","08:00"
"-81.82","69.36","IGLOOLIK A","2402541","2019-06-16 09:00","2019","06","16","09:00"
"-81.82","69.36","IGLOOLIK A","2402541","2019-06-16 10:00","2019","06","16","10:00"
"-81.82","69.36","IGLOOLIK A","2402541","2019-06-16 11:00","2019","06","16","11:00","10.1","","5.2","","71","","","","15","","16","","24.1","","101.50","","","","","","NA"
"-81.82","69.36","IGLOOLIK A","2402541","2019-06-16 12:00","2019","06","16","12:00","9.6","","3.8","","67","","","","15","","18","","24.1","","101.47","","","","","","NA"
"-81.82","69.36","IGLOOLIK A","2402541","2019-06-16 13:00","2019","06","16","13:00","10.3","","3.6","","63","","","","15","","20","","24.1","","101.44","","","","","","Mainly Clear"
"-81.82","69.36","IGLOOLIK A","2402541","2019-06-16 14:00","2019","06","16","14:00","10.1","","3.3","","62","","","","15","","18","","24.1","","101.43","","","","","","NA"
"-81.82","69.36","IGLOOLIK A","2402541","2019-06-16 15:00","2019","06","16","15:00","10.9","","4.1","","62","","","","16","","17","","24.1","","101.41","","","","","","NA"
"-81.82","69.36","IGLOOLIK A","2402541","2019-06-16 16:00","2019","06","16","16:00"
"-81.82","69.36","IGLOOLIK A","2402541","2019-06-16 17:00","2019","06","16","17:00"
"-81.82","69.36","IGLOOLIK A","2402541","2019-06-16 18:00","2019","06","16","18:00"
"-81.82","69.36","IGLOOLIK A","2402541","2019-06-16 19:00","2019","06","16","19:00"
"-81.82","69.36","IGLOOLIK A","2402541","2019-06-16 20:00","2019","06","16","20:00"
"-81.82","69.36","IGLOOLIK A","2402541","2019-06-16 21:00","2019","06","16","21:00"
"-81.82","69.36","IGLOOLIK A","2402541","2019-06-16 22:00","2019","06","16","22:00"
"-81.82","69.36","IGLOOLIK A","2402541","2019-06-16 23:00","2019","06","16","23:00"
"-81.82","69.36","IGLOOLIK A","2402541","2019-06-17 00:00","2019","06","17","00:00"
"-81.82","69.36","IGLOOLIK A","2402541","2019-06-17 01:00","2019","06","17","01:00"
"-81.82","69.36","IGLOOLIK A","2402541","2019-06-17 02:00","2019","06","17","02:00"
"-81.82","69.36","IGLOOLIK A","2402541","2019-06-17 03:00","2019","06","17","03:00"
"-81.82","69.36","IGLOOLIK A","2402541","2019-06-17 04:00","2019","06","17","04:00"
"-81.82","69.36","IGLOOLIK A","2402541","2019-06-17 05:00","2019","06","17","05:00","6.9","","3.2","","78","","","","19","","21","","24.1","","101.05","","","","","","NA"
"-81.82","69.36","IGLOOLIK A","2402541","2019-06-17 06:00","2019","06","17","06:00","7.7","","4.3","","79","","","","19","","24","","24.1","","101.03","","","","","","NA"
"-81.82","69.36","IGLOOLIK A","2402541","2019-06-17 07:00","2019","06","17","07:00","8.5","","5.0","","79","","","","18","","23","","24.1","","100.99","","","","","","Mainly Clear"
"-81.82","69.36","IGLOOLIK A","2402541","2019-06-17 08:00","2019","06","17","08:00","9.5","","5.9","","78","","","","18","","21","","24.1","","100.98","","","","","","NA"
"-81.82","69.36","IGLOOLIK A","2402541","2019-06-17 09:00","2019","06","17","09:00","10.3","","6.0","","75","","","","17","","19","","24.1","","100.96","","","","","","NA"
"-81.82","69.36","IGLOOLIK A","2402541","2019-06-17 10:00","2019","06","17","10:00","11.5","","6.1","","69","","","","20","","16","","24.1","","100.94","","","","","","Mostly Cloudy"
"-81.82","69.36","IGLOOLIK A","2402541","2019-06-17 11:00","2019","06","17","11:00","12.7","","6.3","","65","","","","23","","18","","24.1","","100.90","","","","","","NA"
"-81.82","69.36","IGLOOLIK A","2402541","2019-06-17 12:00","2019","06","17","12:00","13.8","","6.2","","60","","","","22","","20","","24.1","","100.90","","","","","","NA"
"-81.82","69.36","IGLOOLIK A","2402541","2019-06-17 13:00","2019","06","17","13:00","10.7","","6.8","","77","","","","31","","18","","24.1","","100.90","","","","","","Mostly Cloudy"
"-81.82","69.36","IGLOOLIK A","2402541","2019-06-17 14:00","2019","06","17","14:00","8.3","","7.0","","92","","","","31","","18","","24.1","","100.92","","","","","","NA"
"-81.82","69.36","IGLOOLIK A","2402541","2019-06-17 15:00","2019","06","17","15:00","4.0","","3.7","","98","","","","36","","22","","8.1","","100.93","","","","","","Drizzle,Fog"
"-81.82","69.36","IGLOOLIK A","2402541","2019-06-17 16:00","2019","06","17","16:00","4.5","","4.1","","97","","","","35","","24","","16.1","","100.92","","","","","","Drizzle"
"-81.82","69.36","IGLOOLIK A","2402541","2019-06-17 17:00","2019","06","17","17:00"
"-81.82","69.36","IGLOOLIK A","2402541","2019-06-17 18:00","2019","06","17","18:00"
"-81.82","69.36","IGLOOLIK A","2402541","2019-06-17 19:00","2019","06","17","19:00"
"-81.82","69.36","IGLOOLIK A","2402541","2019-06-17 20:00","2019","06","17","20:00"
"-81.82","69.36","IGLOOLIK A","2402541","2019-06-17 21:00","2019","06","17","21:00"
"-81.82","69.36","IGLOOLIK A","2402541","2019-06-17 22:00","2019","06","17","22:00"
"-81.82","69.36","IGLOOLIK A","2402541","2019-06-17 23:00","2019","06","17","23:00"
"-81.82","69.36","IGLOOLIK A","2402541","2019-06-18 00:00","2019","06","18","00:00"
"-81.82","69.36","IGLOOLIK A","2402541","2019-06-18 01:00","2019","06","18","01:00"
"-81.82","69.36","IGLOOLIK A","2402541","2019-06-18 02:00","2019","06","18","02:00"
"-81.82","69.36","IGLOOLIK A","2402541","2019-06-18 03:00","2019","06","18","03:00"
"-81.82","69.36","IGLOOLIK A","2402541","2019-06-18 04:00","2019","06","18","04:00"
"-81.82","69.36","IGLOOLIK A","2402541","2019-06-18 05:00","2019","06","18","05:00","1.6","","0.6","","93","","","","24","","9","","24.1","","100.68","","","","","","NA"
"-81.82","69.36","IGLOOLIK A","2402541","2019-06-18 06:00","2019","06","18","06:00","2.7","","1.5","","92","","","","20","","14","","24.1","","100.64","","","","","","NA"
"-81.82","69.36","IGLOOLIK A","2402541","2019-06-18 07:00","2019","06","18","07:00","3.5","","0.9","","83","","","","17","","13","","24.1","","100.56","","","","","","Mostly Cloudy"
"-81.82","69.36","IGLOOLIK A","2402541","2019-06-18 08:00","2019","06","18","08:00","4.5","","1.5","","81","","","","16","","16","","24.1","","100.50","","","","","","NA"
"-81.82","69.36","IGLOOLIK A","2402541","2019-06-18 09:00","2019","06","18","09:00","4.2","","2.0","","86","","","","17","","26","","24.1","","100.38","","","","","","NA"
"-81.82","69.36","IGLOOLIK A","2402541","2019-06-18 10:00","2019","06","18","10:00","4.3","","2.6","","89","","","","17","","32","","24.1","","100.26","","","","","","Rain"
"-81.82","69.36","IGLOOLIK A","2402541","2019-06-18 11:00","2019","06","18","11:00","4.7","","4.5","","99","","","","17","","34","","0.4","","100.11","","","","","","Rain,Fog"
"-81.82","69.36","IGLOOLIK A","2402541","2019-06-18 12:00","2019","06","18","12:00","4.8","","4.8","","100","","","","18","","31","","0.4","","99.96","","","","","","Rain,Fog"
"-81.82","69.36","IGLOOLIK A","2402541","2019-06-18 13:00","2019","06","18","13:00","4.5","","4.4","","99","","","","16","","32","","16.1","","99.78","","","","","","Rain"
"-81.82","69.36","IGLOOLIK A","2402541","2019-06-18 14:00","2019","06","18","14:00","5.5","","5.1","","97","","","","17","","26","","16.1","","99.74","","","","","","Rain"
"-81.82","69.36","IGLOOLIK A","2402541","2019-06-18 15:00","2019","06","18","15:00","7.8","","6.2","","89","","","","20","","33","","24.1","","99.69","","","","","","NA"
"-81.82","69.36","IGLOOLIK A","2402541","2019-06-18 16:00","2019","06","18","16:00","7.3","","5.7","","89","","","","21","","33","","24.1","","99.63","","","","","","Cloudy"
"-81.82","69.36","IGLOOLIK A","2402541","2019-06-18 17:00","2019","06","18","17:00"
"-81.82","69.36","IGLOOLIK A","2402541","2019-06-18 18:00","2019","06","18","18:00"
"-81.82","69.36","IGLOOLIK A","2402541","2019-06-18 19:00","2019","06","18","19:00"
"-81.82","69.36","IGLOOLIK A","2402541","2019-06-18 20:00","2019","06","18","20:00"
"-81.82","69.36","IGLOOLIK A","2402541","2019-06-18 21:00","2019","06","18","21:00"
"-81.82","69.36","IGLOOLIK A","2402541","2019-06-18 22:00","2019","06","18","22:00"
"-81.82","69.36","IGLOOLIK A","2402541","2019-06-18 23:00","2019","06","18","23:00"
"-81.82","69.36","IGLOOLIK A","2402541","2019-06-19 00:00","2019","06","19","00:00"
"-81.82","69.36","IGLOOLIK A","2402541","2019-06-19 01:00","2019","06","19","01:00"
"-81.82","69.36","IGLOOLIK A","2402541","2019-06-19 02:00","2019","06","19","02:00"
"-81.82","69.36","IGLOOLIK A","2402541","2019-06-19 03:00","2019","06","19","03:00"
"-81.82","69.36","IGLOOLIK A","2402541","2019-06-19 04:00","2019","06","19","04:00"
"-81.82","69.36","IGLOOLIK A","2402541","2019-06-19 05:00","2019","06","19","05:00"
"-81.82","69.36","IGLOOLIK A","2402541","2019-06-19 06:00","2019","06","19","06:00"
"-81.82","69.36","IGLOOLIK A","2402541","2019-06-19 07:00","2019","06","19","07:00","3.0","","0.1","","81","","","","35","","23","","24.1","","100.52","","","","","","Mostly Cloudy"
"-81.82","69.36","IGLOOLIK A","2402541","2019-06-19 08:00","2019","06","19","08:00","2.7","","-0.3","","80","","","","35","","30","","24.1","","100.54","","","","","","NA"
"-81.82","69.36","IGLOOLIK A","2402541","2019-06-19 09:00","2019","06","19","09:00","3.0","","-0.4","","78","","","","34","","34","","24.1","","100.57","","","","","","NA"
"-81.82","69.36","IGLOOLIK A","2402541","2019-06-19 10:00","2019","06","19","10:00","3.2","","-0.8","","75","","","","35","","30","","24.1","","100.62","","","","","","Mainly Clear"
"-81.82","69.36","IGLOOLIK A","2402541","2019-06-19 11:00","2019","06","19","11:00","3.3","","-1.1","","73","","","","34","","35","","24.1","","100.63","","","","","","NA"
"-81.82","69.36","IGLOOLIK A","2402541","2019-06-19 12:00","2019","06","19","12:00","4.2","","-1.0","","69","","","","34","","30","","24.1","","100.67","","","","","","NA"
"-81.82","69.36","IGLOOLIK A","2402541","2019-06-19 13:00","2019","06","19","13:00","4.5","","-0.6","","69","","","","35","","26","","24.1","","100.69","","","","","","Mainly Clear"
"-81.82","69.36","IGLOOLIK A","2402541","2019-06-19 14:00","2019","06","19","14:00","5.0","","-1.2","","64","","","","34","","25","","24.1","","100.71","","","","","","NA"
"-81.82","69.36","IGLOOLIK A","2402541","2019-06-19 15:00","2019","06","19","15:00","5.8","","-0.7","","63","","","","34","","20","","24.1","","100.76","","","","","","NA"
"-81.82","69.36","IGLOOLIK A","2402541","2019-06-19 16:00","2019","06","19","16:00"
"-81.82","69.36","IGLOOLIK A","2402541","2019-06-19 17:00","2019","06","19","17:00"
"-81.82","69.36","IGLOOLIK A","2402541","2019-06-19 18:00","2019","06","19","18:00"
"-81.82","69.36","IGLOOLIK A","2402541","2019-06-19 19:00","2019","06","19","19:00"
"-81.82","69.36","IGLOOLIK A","2402541","2019-06-19 20:00","2019","06","19","20:00"
"-81.82","69.36","IGLOOLIK A","2402541","2019-06-19 21:00","2019","06","19","21:00"
"-81.82","69.36","IGLOOLIK A","2402541","2019-06-19 22:00","2019","06","19","22:00"
"-81.82","69.36","IGLOOLIK A","2402541","2019-06-19 23:00","2019","06","19","23:00"
"-81.82","69.36","IGLOOLIK A","2402541","2019-06-20 00:00","2019","06","20","00:00"
"-81.82","69.36","IGLOOLIK A","2402541","2019-06-20 01:00","2019","06","20","01:00"
"-81.82","69.36","IGLOOLIK A","2402541","2019-06-20 02:00","2019","06","20","02:00"
"-81.82","69.36","IGLOOLIK A","2402541","2019-06-20 03:00","2019","06","20","03:00"
"-81.82","69.36","IGLOOLIK A","2402541","2019-06-20 04:00","2019","06","20","04:00"
"-81.82","69.36","IGLOOLIK A","2402541","2019-06-20 05:00","2019","06","20","05:00"
"-81.82","69.36","IGLOOLIK A","2402541","2019-06-20 06:00","2019","06","20","06:00","1.4","","0.7","","95","","","","31","","15","","24.1","","100.90","","","","","","Rain,Snow"
"-81.82","69.36","IGLOOLIK A","2402541","2019-06-20 07:00","2019","06","20","07:00","1.5","","1.0","","96","","","","28","","12","","24.1","","100.90","","","","","","Rain"
"-81.82","69.36","IGLOOLIK A","2402541","2019-06-20 08:00","2019","06","20","08:00","2.2","","1.5","","95","","","","27","","13","","24.1","","100.92","","","","","","NA"
"-81.82","69.36","IGLOOLIK A","2402541","2019-06-20 09:00","2019","06","20","09:00","2.8","","2.1","","95","","","","27","","16","","24.1","","100.88","","","","","","Rain"
"-81.82","69.36","IGLOOLIK A","2402541","2019-06-20 10:00","2019","06","20","10:00","3.9","","2.8","","93","","","","26","","17","","24.1","","100.86","","","","","","Cloudy"
"-81.82","69.36","IGLOOLIK A","2402541","2019-06-20 11:00","2019","06","20","11:00","4.2","","3.2","","93","","","","26","","16","","24.1","","100.82","","","","","","NA"
"-81.82","69.36","IGLOOLIK A","2402541","2019-06-20 12:00","2019","06","20","12:00","4.7","","2.9","","88","","","","26","","15","","24.1","","100.80","","","","","","NA"
"-81.82","69.36","IGLOOLIK A","2402541","2019-06-20 13:00","2019","06","20","13:00","4.6","","3.1","","90","","","","28","","13","","24.1","","100.80","","","","","","Cloudy"
"-81.82","69.36","IGLOOLIK A","2402541","2019-06-20 14:00","2019","06","20","14:00","4.8","","3.7","","92","","","","30","","15","","16.1","","100.80","","","","","","Rain"
"-81.82","69.36","IGLOOLIK A","2402541","2019-06-20 15:00","2019","06","20","15:00","4.8","","3.7","","93","","","","28","","8","","16.1","","100.80","","","","","","Rain"
"-81.82","69.36","IGLOOLIK A","2402541","2019-06-20 16:00","2019","06","20","16:00","5.0","","3.3","","89","","","","36","","3","","24.1","","100.81","","","","","","Cloudy"
"-81.82","69.36","IGLOOLIK A","2402541","2019-06-20 17:00","2019","06","20","17:00"
"-81.82","69.36","IGLOOLIK A","2402541","2019-06-20 18:00","2019","06","20","18:00"
"-81.82","69.36","IGLOOLIK A","2402541","2019-06-20 19:00","2019","06","20","19:00"
"-81.82","69.36","IGLOOLIK A","2402541","2019-06-20 20:00","2019","06","20","20:00"
"-81.82","69.36","IGLOOLIK A","2402541","2019-06-20 21:00","2019","06","20","21:00"
"-81.82","69.36","IGLOOLIK A","2402541","2019-06-20 22:00","2019","06","20","22:00"
"-81.82","69.36","IGLOOLIK A","2402541","2019-06-20 23:00","2019","06","20","23:00"
"-81.82","69.36","IGLOOLIK A","2402541","2019-06-21 00:00","2019","06","21","00:00"
"-81.82","69.36","IGLOOLIK A","2402541","2019-06-21 01:00","2019","06","21","01:00"
"-81.82","69.36","IGLOOLIK A","2402541","2019-06-21 02:00","2019","06","21","02:00"
"-81.82","69.36","IGLOOLIK A","2402541","2019-06-21 03:00","2019","06","21","03:00"
"-81.82","69.36","IGLOOLIK A","2402541","2019-06-21 04:00","2019","06","21","04:00"
"-81.82","69.36","IGLOOLIK A","2402541","2019-06-21 05:00","2019","06","21","05:00","2.3","","-0.9","","79","","","","34","","30","","24.1","","100.95","","","","","","NA"
"-81.82","69.36","IGLOOLIK A","2402541","2019-06-21 06:00","2019","06","21","06:00","2.6","","-0.8","","78","","","","35","","32","","24.1","","100.98","","","","","","NA"
"-81.82","69.36","IGLOOLIK A","2402541","2019-06-21 07:00","2019","06","21","07:00","3.1","","-0.7","","76","","","","34","","30","","24.1","","101.00","","","","","","Mainly Clear"
"-81.82","69.36","IGLOOLIK A","2402541","2019-06-21 08:00","2019","06","21","08:00","3.0","","-0.3","","79","","","","35","","28","","24.1","","101.02","","","","","","NA"
"-81.82","69.36","IGLOOLIK A","2402541","2019-06-21 09:00","2019","06","21","09:00","3.6","","-0.2","","76","","","","35","","31","","24.1","","101.03","","","","","","NA"
"-81.82","69.36","IGLOOLIK A","2402541","2019-06-21 10:00","2019","06","21","10:00","3.9","","-0.2","","75","","","","34","","35","","24.1","","101.03","","","","","","Mainly Clear"
"-81.82","69.36","IGLOOLIK A","2402541","2019-06-21 11:00","2019","06","21","11:00","4.2","","-0.3","","72","","","","35","","29","","24.1","","101.02","","","","","","NA"
"-81.82","69.36","IGLOOLIK A","2402541","2019-06-21 12:00","2019","06","21","12:00","4.8","","0.3","","72","","","","34","","31","","24.1","","101.01","","","","","","NA"
"-81.82","69.36","IGLOOLIK A","2402541","2019-06-21 13:00","2019","06","21","13:00","5.1","","-0.1","","69","","","","34","","30","","24.1","","101.02","","","","","","Cloudy"
"-81.82","69.36","IGLOOLIK A","2402541","2019-06-21 14:00","2019","06","21","14:00","5.9","","0.6","","68","","","","33","","45","","24.1","","101.00","","","","","","NA"
"-81.82","69.36","IGLOOLIK A","2402541","2019-06-21 15:00","2019","06","21","15:00","6.0","","0.6","","68","","","","33","","41","","24.1","","101.01","","","","","","NA"
"-81.82","69.36","IGLOOLIK A","2402541","2019-06-21 16:00","2019","06","21","16:00","6.7","","1.9","","71","","","","32","","37","","24.1","","101.00","","","","","","Mostly Cloudy"
"-81.82","69.36","IGLOOLIK A","2402541","2019-06-21 17:00","2019","06","21","17:00"
"-81.82","69.36","IGLOOLIK A","2402541","2019-06-21 18:00","2019","06","21","18:00"
"-81.82","69.36","IGLOOLIK A","2402541","2019-06-21 19:00","2019","06","21","19:00"
"-81.82","69.36","IGLOOLIK A","2402541","2019-06-21 20:00","2019","06","21","20:00"
"-81.82","69.36","IGLOOLIK A","2402541","2019-06-21 21:00","2019","06","21","21:00"
"-81.82","69.36","IGLOOLIK A","2402541","2019-06-21 22:00","2019","06","21","22:00"
"-81.82","69.36","IGLOOLIK A","2402541","2019-06-21 23:00","2019","06","21","23:00"
"-81.82","69.36","IGLOOLIK A","2402541","2019-06-22 00:00","2019","06","22","00:00"
"-81.82","69.36","IGLOOLIK A","2402541","2019-06-22 01:00","2019","06","22","01:00"
"-81.82","69.36","IGLOOLIK A","2402541","2019-06-22 02:00","2019","06","22","02:00"
"-81.82","69.36","IGLOOLIK A","2402541","2019-06-22 03:00","2019","06","22","03:00"
"-81.82","69.36","IGLOOLIK A","2402541","2019-06-22 04:00","2019","06","22","04:00"
"-81.82","69.36","IGLOOLIK A","2402541","2019-06-22 05:00","2019","06","22","05:00"
"-81.82","69.36","IGLOOLIK A","2402541","2019-06-22 06:00","2019","06","22","06:00"
"-81.82","69.36","IGLOOLIK A","2402541","2019-06-22 07:00","2019","06","22","07:00","2.7","","1.6","","93","","","","30","","26","","24.1","","100.63","","","","","","Cloudy"
"-81.82","69.36","IGLOOLIK A","2402541","2019-06-22 08:00","2019","06","22","08:00","4.2","","1.6","","83","","","","31","","45","","24.1","","100.58","","","","","","NA"
"-81.82","69.36","IGLOOLIK A","2402541","2019-06-22 09:00","2019","06","22","09:00","3.7","","1.2","","84","","","","30","","31","","24.1","","100.57","","","","","","NA"
"-81.82","69.36","IGLOOLIK A","2402541","2019-06-22 10:00","2019","06","22","10:00","3.4","","1.4","","87","","","","29","","32","","24.1","","100.53","","","","","","Cloudy"
"-81.82","69.36","IGLOOLIK A","2402541","2019-06-22 11:00","2019","06","22","11:00","2.9","","2.0","","94","","","","30","","41","","14.5","","100.48","","","","","","Rain"
"-81.82","69.36","IGLOOLIK A","2402541","2019-06-22 12:00","2019","06","22","12:00","3.3","","2.2","","92","","","","29","","35","","24.1","","100.44","","","","","","NA"
"-81.82","69.36","IGLOOLIK A","2402541","2019-06-22 13:00","2019","06","22","13:00","3.5","","1.9","","89","","","","30","","32","","24.1","","100.42","","","","","","Cloudy"
"-81.82","69.36","IGLOOLIK A","2402541","2019-06-22 14:00","2019","06","22","14:00","3.5","","1.9","","89","","","","29","","38","","24.1","","100.41","","","","","","NA"
"-81.82","69.36","IGLOOLIK A","2402541","2019-06-22 15:00","2019","06","22","15:00"
"-81.82","69.36","IGLOOLIK A","2402541","2019-06-22 16:00","2019","06","22","16:00"
"-81.82","69.36","IGLOOLIK A","2402541","2019-06-22 17:00","2019","06","22","17:00"
"-81.82","69.36","IGLOOLIK A","2402541","2019-06-22 18:00","2019","06","22","18:00"
"-81.82","69.36","IGLOOLIK A","2402541","2019-06-22 19:00","2019","06","22","19:00"
"-81.82","69.36","IGLOOLIK A","2402541","2019-06-22 20:00","2019","06","22","20:00"
"-81.82","69.36","IGLOOLIK A","2402541","2019-06-22 21:00","2019","06","22","21:00"
"-81.82","69.36","IGLOOLIK A","2402541","2019-06-22 22:00","2019","06","22","22:00"
"-81.82","69.36","IGLOOLIK A","2402541","2019-06-22 23:00","2019","06","22","23:00"
"-81.82","69.36","IGLOOLIK A","2402541","2019-06-23 00:00","2019","06","23","00:00"
"-81.82","69.36","IGLOOLIK A","2402541","2019-06-23 01:00","2019","06","23","01:00"
"-81.82","69.36","IGLOOLIK A","2402541","2019-06-23 02:00","2019","06","23","02:00"
"-81.82","69.36","IGLOOLIK A","2402541","2019-06-23 03:00","2019","06","23","03:00"
"-81.82","69.36","IGLOOLIK A","2402541","2019-06-23 04:00","2019","06","23","04:00"
"-81.82","69.36","IGLOOLIK A","2402541","2019-06-23 05:00","2019","06","23","05:00"
"-81.82","69.36","IGLOOLIK A","2402541","2019-06-23 06:00","2019","06","23","06:00"
"-81.82","69.36","IGLOOLIK A","2402541","2019-06-23 07:00","2019","06","23","07:00"
"-81.82","69.36","IGLOOLIK A","2402541","2019-06-23 08:00","2019","06","23","08:00"
"-81.82","69.36","IGLOOLIK A","2402541","2019-06-23 09:00","2019","06","23","09:00"
"-81.82","69.36","IGLOOLIK A","2402541","2019-06-23 10:00","2019","06","23","10:00"
"-81.82","69.36","IGLOOLIK A","2402541","2019-06-23 11:00","2019","06","23","11:00","4.2","","3.5","","95","","","","26","","22","","24.1","","100.50","","","","","","NA"
"-81.82","69.36","IGLOOLIK A","2402541","2019-06-23 12:00","2019","06","23","12:00","6.2","","4.6","","90","","","","26","","24","","24.1","","100.46","","","","","","NA"
"-81.82","69.36","IGLOOLIK A","2402541","2019-06-23 13:00","2019","06","23","13:00","7.4","","4.4","","81","","","","25","","18","","24.1","","100.46","","","","","","Mostly Cloudy"
"-81.82","69.36","IGLOOLIK A","2402541","2019-06-23 14:00","2019","06","23","14:00","8.2","","4.6","","78","","","","26","","16","","24.1","","100.46","","","","","","NA"
"-81.82","69.36","IGLOOLIK A","2402541","2019-06-23 15:00","2019","06","23","15:00","10.2","","5.3","","72","","","","26","","18","","24.1","","100.45","","","","","","NA"
"-81.82","69.36","IGLOOLIK A","2402541","2019-06-23 16:00","2019","06","23","16:00"
"-81.82","69.36","IGLOOLIK A","2402541","2019-06-23 17:00","2019","06","23","17:00"
"-81.82","69.36","IGLOOLIK A","2402541","2019-06-23 18:00","2019","06","23","18:00"
"-81.82","69.36","IGLOOLIK A","2402541","2019-06-23 19:00","2019","06","23","19:00"
"-81.82","69.36","IGLOOLIK A","2402541","2019-06-23 20:00","2019","06","23","20:00"
"-81.82","69.36","IGLOOLIK A","2402541","2019-06-23 21:00","2019","06","23","21:00"
"-81.82","69.36","IGLOOLIK A","2402541","2019-06-23 22:00","2019","06","23","22:00"
"-81.82","69.36","IGLOOLIK A","2402541","2019-06-23 23:00","2019","06","23","23:00"
"-81.82","69.36","IGLOOLIK A","2402541","2019-06-24 00:00","2019","06","24","00:00"
"-81.82","69.36","IGLOOLIK A","2402541","2019-06-24 01:00","2019","06","24","01:00"
"-81.82","69.36","IGLOOLIK A","2402541","2019-06-24 02:00","2019","06","24","02:00"
"-81.82","69.36","IGLOOLIK A","2402541","2019-06-24 03:00","2019","06","24","03:00"
"-81.82","69.36","IGLOOLIK A","2402541","2019-06-24 04:00","2019","06","24","04:00"
"-81.82","69.36","IGLOOLIK A","2402541","2019-06-24 05:00","2019","06","24","05:00"
"-81.82","69.36","IGLOOLIK A","2402541","2019-06-24 06:00","2019","06","24","06:00"
"-81.82","69.36","IGLOOLIK A","2402541","2019-06-24 07:00","2019","06","24","07:00"
"-81.82","69.36","IGLOOLIK A","2402541","2019-06-24 08:00","2019","06","24","08:00"
"-81.82","69.36","IGLOOLIK A","2402541","2019-06-24 09:00","2019","06","24","09:00"
"-81.82","69.36","IGLOOLIK A","2402541","2019-06-24 10:00","2019","06","24","10:00"
"-81.82","69.36","IGLOOLIK A","2402541","2019-06-24 11:00","2019","06","24","11:00"
"-81.82","69.36","IGLOOLIK A","2402541","2019-06-24 12:00","2019","06","24","12:00"
"-81.82","69.36","IGLOOLIK A","2402541","2019-06-24 13:00","2019","06","24","13:00"
"-81.82","69.36","IGLOOLIK A","2402541","2019-06-24 14:00","2019","06","24","14:00"
"-81.82","69.36","IGLOOLIK A","2402541","2019-06-24 15:00","2019","06","24","15:00"
"-81.82","69.36","IGLOOLIK A","2402541","2019-06-24 16:00","2019","06","24","16:00"
"-81.82","69.36","IGLOOLIK A","2402541","2019-06-24 17:00","2019","06","24","17:00"
"-81.82","69.36","IGLOOLIK A","2402541","2019-06-24 18:00","2019","06","24","18:00"
"-81.82","69.36","IGLOOLIK A","2402541","2019-06-24 19:00","2019","06","24","19:00"
"-81.82","69.36","IGLOOLIK A","2402541","2019-06-24 20:00","2019","06","24","20:00"
"-81.82","69.36","IGLOOLIK A","2402541","2019-06-24 21:00","2019","06","24","21:00"
"-81.82","69.36","IGLOOLIK A","2402541","2019-06-24 22:00","2019","06","24","22:00"
"-81.82","69.36","IGLOOLIK A","2402541","2019-06-24 23:00","2019","06","24","23:00"
"-81.82","69.36","IGLOOLIK A","2402541","2019-06-25 00:00","2019","06","25","00:00"
"-81.82","69.36","IGLOOLIK A","2402541","2019-06-25 01:00","2019","06","25","01:00"
"-81.82","69.36","IGLOOLIK A","2402541","2019-06-25 02:00","2019","06","25","02:00"
"-81.82","69.36","IGLOOLIK A","2402541","2019-06-25 03:00","2019","06","25","03:00"
"-81.82","69.36","IGLOOLIK A","2402541","2019-06-25 04:00","2019","06","25","04:00"
"-81.82","69.36","IGLOOLIK A","2402541","2019-06-25 05:00","2019","06","25","05:00"
"-81.82","69.36","IGLOOLIK A","2402541","2019-06-25 06:00","2019","06","25","06:00"
"-81.82","69.36","IGLOOLIK A","2402541","2019-06-25 07:00","2019","06","25","07:00"
"-81.82","69.36","IGLOOLIK A","2402541","2019-06-25 08:00","2019","06","25","08:00"
"-81.82","69.36","IGLOOLIK A","2402541","2019-06-25 09:00","2019","06","25","09:00"
"-81.82","69.36","IGLOOLIK A","2402541","2019-06-25 10:00","2019","06","25","10:00"
"-81.82","69.36","IGLOOLIK A","2402541","2019-06-25 11:00","2019","06","25","11:00"
"-81.82","69.36","IGLOOLIK A","2402541","2019-06-25 12:00","2019","06","25","12:00"
"-81.82","69.36","IGLOOLIK A","2402541","2019-06-25 13:00","2019","06","25","13:00"
"-81.82","69.36","IGLOOLIK A","2402541","2019-06-25 14:00","2019","06","25","14:00"
"-81.82","69.36","IGLOOLIK A","2402541","2019-06-25 15:00","2019","06","25","15:00"
"-81.82","69.36","IGLOOLIK A","2402541","2019-06-25 16:00","2019","06","25","16:00"
"-81.82","69.36","IGLOOLIK A","2402541","2019-06-25 17:00","2019","06","25","17:00"
"-81.82","69.36","IGLOOLIK A","2402541","2019-06-25 18:00","2019","06","25","18:00"
"-81.82","69.36","IGLOOLIK A","2402541","2019-06-25 19:00","2019","06","25","19:00"
"-81.82","69.36","IGLOOLIK A","2402541","2019-06-25 20:00","2019","06","25","20:00"
"-81.82","69.36","IGLOOLIK A","2402541","2019-06-25 21:00","2019","06","25","21:00"
"-81.82","69.36","IGLOOLIK A","2402541","2019-06-25 22:00","2019","06","25","22:00"
"-81.82","69.36","IGLOOLIK A","2402541","2019-06-25 23:00","2019","06","25","23:00"
"-81.82","69.36","IGLOOLIK A","2402541","2019-06-26 00:00","2019","06","26","00:00"
"-81.82","69.36","IGLOOLIK A","2402541","2019-06-26 01:00","2019","06","26","01:00"
"-81.82","69.36","IGLOOLIK A","2402541","2019-06-26 02:00","2019","06","26","02:00"
"-81.82","69.36","IGLOOLIK A","2402541","2019-06-26 03:00","2019","06","26","03:00"
"-81.82","69.36","IGLOOLIK A","2402541","2019-06-26 04:00","2019","06","26","04:00"
"-81.82","69.36","IGLOOLIK A","2402541","2019-06-26 05:00","2019","06","26","05:00","3.9","","1.2","","82","","","","15","","14","","24.1","","101.78","","","","","","NA"
"-81.82","69.36","IGLOOLIK A","2402541","2019-06-26 06:00","2019","06","26","06:00","4.6","","1.1","","78","","","","14","","17","","24.1","","101.79","","","","","","NA"
"-81.82","69.36","IGLOOLIK A","2402541","2019-06-26 07:00","2019","06","26","07:00","5.0","","0.7","","74","","","","15","","21","","24.1","","101.80","","","","","","Mainly Clear"
"-81.82","69.36","IGLOOLIK A","2402541","2019-06-26 08:00","2019","06","26","08:00","4.5","","0.9","","77","","","","14","","19","","24.1","","101.81","","","","","","NA"
"-81.82","69.36","IGLOOLIK A","2402541","2019-06-26 09:00","2019","06","26","09:00","5.0","","0.8","","74","","","","15","","19","","24.1","","101.80","","","","","","NA"
"-81.82","69.36","IGLOOLIK A","2402541","2019-06-26 10:00","2019","06","26","10:00","5.7","","1.1","","72","","","","14","","19","","24.1","","101.82","","","","","","Mainly Clear"
"-81.82","69.36","IGLOOLIK A","2402541","2019-06-26 11:00","2019","06","26","11:00","7.1","","2.6","","73","","","","16","","18","","24.1","","101.81","","","","","","NA"
"-81.82","69.36","IGLOOLIK A","2402541","2019-06-26 12:00","2019","06","26","12:00","7.6","","3.2","","74","","","","14","","21","","24.1","","101.81","","","","","","NA"
"-81.82","69.36","IGLOOLIK A","2402541","2019-06-26 13:00","2019","06","26","13:00","8.2","","3.5","","72","","","","14","","21","","24.1","","101.83","","","","","","Mainly Clear"
"-81.82","69.36","IGLOOLIK A","2402541","2019-06-26 14:00","2019","06","26","14:00","7.3","","2.7","","72","","","","14","","23","","24.1","","101.83","","","","","","NA"
"-81.82","69.36","IGLOOLIK A","2402541","2019-06-26 15:00","2019","06","26","15:00","8.4","","4.0","","74","","","","14","","16","","24.1","","101.84","","","","","","NA"
"-81.82","69.36","IGLOOLIK A","2402541","2019-06-26 16:00","2019","06","26","16:00"
"-81.82","69.36","IGLOOLIK A","2402541","2019-06-26 17:00","2019","06","26","17:00"
"-81.82","69.36","IGLOOLIK A","2402541","2019-06-26 18:00","2019","06","26","18:00"
"-81.82","69.36","IGLOOLIK A","2402541","2019-06-26 19:00","2019","06","26","19:00"
"-81.82","69.36","IGLOOLIK A","2402541","2019-06-26 20:00","2019","06","26","20:00"
"-81.82","69.36","IGLOOLIK A","2402541","2019-06-26 21:00","2019","06","26","21:00"
"-81.82","69.36","IGLOOLIK A","2402541","2019-06-26 22:00","2019","06","26","22:00"
"-81.82","69.36","IGLOOLIK A","2402541","2019-06-26 23:00","2019","06","26","23:00"
"-81.82","69.36","IGLOOLIK A","2402541","2019-06-27 00:00","2019","06","27","00:00"
"-81.82","69.36","IGLOOLIK A","2402541","2019-06-27 01:00","2019","06","27","01:00"
"-81.82","69.36","IGLOOLIK A","2402541","2019-06-27 02:00","2019","06","27","02:00"
"-81.82","69.36","IGLOOLIK A","2402541","2019-06-27 03:00","2019","06","27","03:00"
"-81.82","69.36","IGLOOLIK A","2402541","2019-06-27 04:00","2019","06","27","04:00"
"-81.82","69.36","IGLOOLIK A","2402541","2019-06-27 05:00","2019","06","27","05:00"
"-81.82","69.36","IGLOOLIK A","2402541","2019-06-27 06:00","2019","06","27","06:00"
"-81.82","69.36","IGLOOLIK A","2402541","2019-06-27 07:00","2019","06","27","07:00"
"-81.82","69.36","IGLOOLIK A","2402541","2019-06-27 08:00","2019","06","27","08:00"
"-81.82","69.36","IGLOOLIK A","2402541","2019-06-27 09:00","2019","06","27","09:00"
"-81.82","69.36","IGLOOLIK A","2402541","2019-06-27 10:00","2019","06","27","10:00"
"-81.82","69.36","IGLOOLIK A","2402541","2019-06-27 11:00","2019","06","27","11:00"
"-81.82","69.36","IGLOOLIK A","2402541","2019-06-27 12:00","2019","06","27","12:00"
"-81.82","69.36","IGLOOLIK A","2402541","2019-06-27 13:00","2019","06","27","13:00"
"-81.82","69.36","IGLOOLIK A","2402541","2019-06-27 14:00","2019","06","27","14:00"
"-81.82","69.36","IGLOOLIK A","2402541","2019-06-27 15:00","2019","06","27","15:00"
"-81.82","69.36","IGLOOLIK A","2402541","2019-06-27 16:00","2019","06","27","16:00"
"-81.82","69.36","IGLOOLIK A","2402541","2019-06-27 17:00","2019","06","27","17:00"
"-81.82","69.36","IGLOOLIK A","2402541","2019-06-27 18:00","2019","06","27","18:00"
"-81.82","69.36","IGLOOLIK A","2402541","2019-06-27 19:00","2019","06","27","19:00"
"-81.82","69.36","IGLOOLIK A","2402541","2019-06-27 20:00","2019","06","27","20:00"
"-81.82","69.36","IGLOOLIK A","2402541","2019-06-27 21:00","2019","06","27","21:00"
"-81.82","69.36","IGLOOLIK A","2402541","2019-06-27 22:00","2019","06","27","22:00"
"-81.82","69.36","IGLOOLIK A","2402541","2019-06-27 23:00","2019","06","27","23:00"
"-81.82","69.36","IGLOOLIK A","2402541","2019-06-28 00:00","2019","06","28","00:00"
"-81.82","69.36","IGLOOLIK A","2402541","2019-06-28 01:00","2019","06","28","01:00"
"-81.82","69.36","IGLOOLIK A","2402541","2019-06-28 02:00","2019","06","28","02:00"
"-81.82","69.36","IGLOOLIK A","2402541","2019-06-28 03:00","2019","06","28","03:00"
"-81.82","69.36","IGLOOLIK A","2402541","2019-06-28 04:00","2019","06","28","04:00"
"-81.82","69.36","IGLOOLIK A","2402541","2019-06-28 05:00","2019","06","28","05:00","12.4","","8.0","","74","","","","32","","9","","24.1","","101.83","","","","","","NA"
"-81.82","69.36","IGLOOLIK A","2402541","2019-06-28 06:00","2019","06","28","06:00","14.3","","8.5","","68","","","","2","","7","","24.1","","101.81","","","","","","NA"
"-81.82","69.36","IGLOOLIK A","2402541","2019-06-28 07:00","2019","06","28","07:00","10.2","","8.2","","87","","","","29","","8","","24.1","","101.79","","","","","","Mostly Cloudy"
"-81.82","69.36","IGLOOLIK A","2402541","2019-06-28 08:00","2019","06","28","08:00","13.4","","7.6","","68","","","","36","","6","","24.1","","101.78","","","","","","NA"
"-81.82","69.36","IGLOOLIK A","2402541","2019-06-28 09:00","2019","06","28","09:00","15.5","","8.7","","63","","","","28","","8","","24.1","","101.76","","","","","","NA"
"-81.82","69.36","IGLOOLIK A","2402541","2019-06-28 10:00","2019","06","28","10:00","15.5","","6.9","","56","","","","30","","9","","24.1","","101.75","","","","","","Mostly Cloudy"
"-81.82","69.36","IGLOOLIK A","2402541","2019-06-28 11:00","2019","06","28","11:00","16.5","","7.0","","53","","","","30","","7","","24.1","","101.70","","","","","","NA"
"-81.82","69.36","IGLOOLIK A","2402541","2019-06-28 12:00","2019","06","28","12:00","18.0","","7.8","","51","","","","29","","13","","24.1","","101.68","","","","","","NA"
"-81.82","69.36","IGLOOLIK A","2402541","2019-06-28 13:00","2019","06","28","13:00","16.6","","7.0","","53","","","","1","","11","","24.1","","101.68","","","","","","Mostly Cloudy"
"-81.82","69.36","IGLOOLIK A","2402541","2019-06-28 14:00","2019","06","28","14:00","18.3","","6.3","","45","","","","32","","8","","24.1","","101.66","","","","","","NA"
"-81.82","69.36","IGLOOLIK A","2402541","2019-06-28 15:00","2019","06","28","15:00","18.6","","6.0","","43","","","","31","","10","","24.1","","101.63","","","","","","NA"
"-81.82","69.36","IGLOOLIK A","2402541","2019-06-28 16:00","2019","06","28","16:00","17.9","","7.1","","49","","","","31","","6","","24.1","","101.60","","","","","","Mostly Cloudy"
"-81.82","69.36","IGLOOLIK A","2402541","2019-06-28 17:00","2019","06","28","17:00"
"-81.82","69.36","IGLOOLIK A","2402541","2019-06-28 18:00","2019","06","28","18:00"
"-81.82","69.36","IGLOOLIK A","2402541","2019-06-28 19:00","2019","06","28","19:00"
"-81.82","69.36","IGLOOLIK A","2402541","2019-06-28 20:00","2019","06","28","20:00"
"-81.82","69.36","IGLOOLIK A","2402541","2019-06-28 21:00","2019","06","28","21:00"
"-81.82","69.36","IGLOOLIK A","2402541","2019-06-28 22:00","2019","06","28","22:00"
"-81.82","69.36","IGLOOLIK A","2402541","2019-06-28 23:00","2019","06","28","23:00"
"-81.82","69.36","IGLOOLIK A","2402541","2019-06-29 00:00","2019","06","29","00:00"
"-81.82","69.36","IGLOOLIK A","2402541","2019-06-29 01:00","2019","06","29","01:00"
"-81.82","69.36","IGLOOLIK A","2402541","2019-06-29 02:00","2019","06","29","02:00"
"-81.82","69.36","IGLOOLIK A","2402541","2019-06-29 03:00","2019","06","29","03:00"
"-81.82","69.36","IGLOOLIK A","2402541","2019-06-29 04:00","2019","06","29","04:00"
"-81.82","69.36","IGLOOLIK A","2402541","2019-06-29 05:00","2019","06","29","05:00"
"-81.82","69.36","IGLOOLIK A","2402541","2019-06-29 06:00","2019","06","29","06:00"
"-81.82","69.36","IGLOOLIK A","2402541","2019-06-29 07:00","2019","06","29","07:00"
"-81.82","69.36","IGLOOLIK A","2402541","2019-06-29 08:00","2019","06","29","08:00"
"-81.82","69.36","IGLOOLIK A","2402541","2019-06-29 09:00","2019","06","29","09:00"
"-81.82","69.36","IGLOOLIK A","2402541","2019-06-29 10:00","2019","06","29","10:00","13.1","","7.6","","69","","","","35","","25","","24.1","","101.25","","","","","","Mostly Cloudy"
"-81.82","69.36","IGLOOLIK A","2402541","2019-06-29 11:00","2019","06","29","11:00","13.4","","8.0","","69","","","","35","","27","","24.1","","101.22","","","","","","NA"
"-81.82","69.36","IGLOOLIK A","2402541","2019-06-29 12:00","2019","06","29","12:00","15.0","","8.6","","65","","","","34","","30","","24.1","","101.19","","","","","","NA"
"-81.82","69.36","IGLOOLIK A","2402541","2019-06-29 13:00","2019","06","29","13:00","15.4","","8.4","","63","","","","35","","26","","32.2","","101.19","","","","","","Mostly Cloudy"
"-81.82","69.36","IGLOOLIK A","2402541","2019-06-29 14:00","2019","06","29","14:00","14.1","","7.4","","64","","","","35","","29","","24.1","","101.18","","","","","","NA"
"-81.82","69.36","IGLOOLIK A","2402541","2019-06-29 15:00","2019","06","29","15:00"
"-81.82","69.36","IGLOOLIK A","2402541","2019-06-29 16:00","2019","06","29","16:00"
"-81.82","69.36","IGLOOLIK A","2402541","2019-06-29 17:00","2019","06","29","17:00"
"-81.82","69.36","IGLOOLIK A","2402541","2019-06-29 18:00","2019","06","29","18:00"
"-81.82","69.36","IGLOOLIK A","2402541","2019-06-29 19:00","2019","06","29","19:00"
"-81.82","69.36","IGLOOLIK A","2402541","2019-06-29 20:00","2019","06","29","20:00"
"-81.82","69.36","IGLOOLIK A","2402541","2019-06-29 21:00","2019","06","29","21:00"
"-81.82","69.36","IGLOOLIK A","2402541","2019-06-29 22:00","2019","06","29","22:00"
"-81.82","69.36","IGLOOLIK A","2402541","2019-06-29 23:00","2019","06","29","23:00"
"-81.82","69.36","IGLOOLIK A","2402541","2019-06-30 00:00","2019","06","30","00:00"
"-81.82","69.36","IGLOOLIK A","2402541","2019-06-30 01:00","2019","06","30","01:00"
"-81.82","69.36","IGLOOLIK A","2402541","2019-06-30 02:00","2019","06","30","02:00"
"-81.82","69.36","IGLOOLIK A","2402541","2019-06-30 03:00","2019","06","30","03:00"
"-81.82","69.36","IGLOOLIK A","2402541","2019-06-30 04:00","2019","06","30","04:00"
"-81.82","69.36","IGLOOLIK A","2402541","2019-06-30 05:00","2019","06","30","05:00"
"-81.82","69.36","IGLOOLIK A","2402541","2019-06-30 06:00","2019","06","30","06:00"
"-81.82","69.36","IGLOOLIK A","2402541","2019-06-30 07:00","2019","06","30","07:00"
"-81.82","69.36","IGLOOLIK A","2402541","2019-06-30 08:00","2019","06","30","08:00"
"-81.82","69.36","IGLOOLIK A","2402541","2019-06-30 09:00","2019","06","30","09:00"
"-81.82","69.36","IGLOOLIK A","2402541","2019-06-30 10:00","2019","06","30","10:00"
"-81.82","69.36","IGLOOLIK A","2402541","2019-06-30 11:00","2019","06","30","11:00","13.8","","8.8","","71","","","","15","","20","","24.1","","101.11","","","","","","NA"
"-81.82","69.36","IGLOOLIK A","2402541","2019-06-30 12:00","2019","06","30","12:00","12.2","","7.6","","73","","","","15","","19","","24.1","","101.11","","","","","","NA"
"-81.82","69.36","IGLOOLIK A","2402541","2019-06-30 13:00","2019","06","30","13:00","11.9","","6.7","","70","","","","14","","19","","24.1","","101.13","","","","","","Mainly Clear"
"-81.82","69.36","IGLOOLIK A","2402541","2019-06-30 14:00","2019","06","30","14:00","11.7","","3.7","","58","","","","15","","23","","24.1","","101.15","","","","","","NA"
"-81.82","69.36","IGLOOLIK A","2402541","2019-06-30 15:00","2019","06","30","15:00","14.8","","3.7","","47","","","","17","","25","","24.1","","101.17","","","","","","NA"
"-81.82","69.36","IGLOOLIK A","2402541","2019-06-30 16:00","2019","06","30","16:00"
"-81.82","69.36","IGLOOLIK A","2402541","2019-06-30 17:00","2019","06","30","17:00"
"-81.82","69.36","IGLOOLIK A","2402541","2019-06-30 18:00","2019","06","30","18:00"
"-81.82","69.36","IGLOOLIK A","2402541","2019-06-30 19:00","2019","06","30","19:00"
"-81.82","69.36","IGLOOLIK A","2402541","2019-06-30 20:00","2019","06","30","20:00"
"-81.82","69.36","IGLOOLIK A","2402541","2019-06-30 21:00","2019","06","30","21:00"
"-81.82","69.36","IGLOOLIK A","2402541","2019-06-30 22:00","2019","06","30","22:00"
"-81.82","69.36","IGLOOLIK A","2402541","2019-06-30 23:00","2019","06","30","23:00"
